participant_id	study	session_id	euler	rater_1	rater_3	rater_4	rater_5	rater_6	across_rater_average	qc_determination
A00008326	NKI	BAS1	-34	1			1		1	Pass
A00008326	NKI	BAS2	-25	1	1	1	1	1	1	Pass
A00008326	NKI	FLU1	-31	1	1				1	Pass
A00008399	NKI	BAS1	-42		1	1		1	1	Pass
A00013809	NKI	BAS1	-72	0.75	1				0.875	Artifact
A00018030	NKI	BAS1	-77	1	1	1	1	1	1	Pass
A00018030	NKI	FLU1	-174	1			0.75		0.875	Artifact
A00018030	NKI	TRT	-58		1	1		1	1	Pass
A00019903	NKI	BAS1	-182	1	1	1	1	1	1	Pass
A00021039	NKI	BAS1	-62	1			1		1	Pass
A00023510	NKI	BAS1	-77	1	1				1	Pass
A00025566	NKI	BAS1	-102	1	1				1	Pass
A00027159	NKI	BAS1	-115	1			1		1	Pass
A00027159	NKI	FLU1	-111	1	1	1	1	1	1	Pass
A00027159	NKI	TRT	-120	1	1	1	1	1	1	Pass
A00027167	NKI	BAS1	-141		1	1		1	1	Pass
A00027167	NKI	FLU1	-150	1	1	1	1	1	1	Pass
A00027167	NKI	TRT	-133		1	1		1	1	Pass
A00027439	NKI	FLU1	-152	1	1				1	Pass
A00027439	NKI	TRT	-78	1	1	1	1	1	1	Pass
A00027443	NKI	BAS1	-45			1	1	1	1	Pass
A00027544	NKI	BAS1	-94			1	1	0.75	0.916666667	Artifact
A00027651	NKI	BAS1	-48			1	1	1	1	Pass
A00028150	NKI	BAS1	-33		1	1		1	1	Pass
A00028152	NKI	BAS1	-50	1			1		1	Pass
A00028177	NKI	BAS1	-52			1	1	1	1	Pass
A00028184	NKI	BAS1	-70	1			1		1	Pass
A00028185	NKI	BAS1	-45	1			1		1	Pass
A00028185	NKI	BAS2	-52	1	1				1	Pass
A00028192	NKI	BAS1	-31		1	1		1	1	Pass
A00028207	NKI	BAS1	-52	1	1	1	1	1	1	Pass
A00028246	NKI	BAS1	-31	1	1				1	Pass
A00028266	NKI	BAS1	-67		1	1		1	1	Pass
A00028287	NKI	BAS1	-55	1	1	1	1	1	1	Pass
A00028339	NKI	BAS1	-65		1	1		1	1	Pass
A00028339	NKI	BAS2	-143	1			1		1	Pass
A00028339	NKI	FLU1	-72	1			1		1	Pass
A00028352	NKI	BAS1	-52	1	1				1	Pass
A00028352	NKI	BAS2	-69	1	1	1	1	1	1	Pass
A00028380	NKI	BAS1	-38		1	1		1	1	Pass
A00028389	NKI	BAS1	-60	1	1	1	1	1	1	Pass
A00028399	NKI	BAS1	-56	1			1		1	Pass
A00028400	NKI	BAS1	-72		1	1		1	1	Pass
A00028429	NKI	BAS1	-48	1	1	1	1	1	1	Pass
A00028430	NKI	BAS1	-64	1	1				1	Pass
A00028468	NKI	BAS1	-55	1			1		1	Pass
A00028552	NKI	BAS1	-93	1	1				1	Pass
A00028605	NKI	BAS1	-43	1			1		1	Pass
A00028606	NKI	BAS1	-65	1			1		1	Pass
A00028613	NKI	BAS1	-40	1	1				1	Pass
A00028625	NKI	BAS1	-61	1	1				1	Pass
A00028656	NKI	BAS1	-58		1	1		1	1	Pass
A00028678	NKI	BAS1	-70	1	1	1	1	1	1	Pass
A00028691	NKI	BAS1	-57	1	1				1	Pass
A00028694	NKI	BAS1	-68		1	1		1	1	Pass
A00028753	NKI	BAS1	-49		1	1		1	1	Pass
A00028753	NKI	BAS2	-49	1	1	1	1	1	1	Pass
A00028754	NKI	BAS1	-42	1			1		1	Pass
A00028754	NKI	BAS2	-31	1			1		1	Pass
A00028766	NKI	BAS1	-128	1	0.75	1	1	1	0.95	Artifact
A00028784	NKI	BAS1	-49	1			1		1	Pass
A00028822	NKI	BAS1	-39	1	1				1	Pass
A00028842	NKI	BAS1	-15		1	1		1	1	Pass
A00028844	NKI	BAS1	-69	1	1				1	Pass
A00028845	NKI	BAS1	-156	1			1		1	Pass
A00028858	NKI	BAS1	-187		1	1		0.75	0.916666667	Artifact
A00028912	NKI	BAS1	-25	1	1	1	1	1	1	Pass
A00028929	NKI	BAS1	-76		1	1		1	1	Pass
A00028994	NKI	BAS1	-43	1			1		1	Pass
A00028995	NKI	BAS1	-25	1			1		1	Pass
A00029075	NKI	BAS1	-90		1	1		1	1	Pass
A00029076	NKI	BAS1	-54		1	1		1	1	Pass
A00029092	NKI	BAS1	-52	1	1				1	Pass
A00029104	NKI	BAS1	-27			1	1	0.5	0.833333333	Artifact
A00029126	NKI	BAS1	-71	1			1		1	Pass
A00029127	NKI	BAS1	-71	1	1	1	1	1	1	Pass
A00029215	NKI	BAS1	-76		1	1		1	1	Pass
A00029219	NKI	BAS1	-123	1			1		1	Pass
A00029230	NKI	BAS1	-112	0	0.25				0.125	Artifact
A00029231	NKI	BAS1	-41			1	1	1	1	Pass
A00029303	NKI	BAS1	-63	1	1	1	1	1	1	Pass
A00029304	NKI	BAS1	-63			1	1	1	1	Pass
A00029979	NKI	BAS1	-67	1	1				1	Pass
A00030912	NKI	BAS1	-47	0.75	1	1	1	1	0.95	Artifact
A00030913	NKI	BAS1	-68			1	1	1	1	Pass
A00030947	NKI	BAS1	-66	1	0.75	1			0.916666667	Artifact
A00030947	NKI	BAS2	-127	0.25	0.25				0.25	Artifact
A00030980	NKI	BAS1	-57			1	1	1	1	Pass
A00030981	NKI	BAS1	-45		1	1		1	1	Pass
A00030989	NKI	BAS1	-49			1	1	0.75	0.916666667	Artifact
A00030989	NKI	BAS2	-55		1	1		1	1	Pass
A00030990	NKI	BAS1	-39	1	1				1	Pass
A00031167	NKI	BAS1	-58	1	1				1	Pass
A00031216	NKI	BAS1	-82		0.75	1		1	0.916666667	Artifact
A00031217	NKI	BAS1	-69	1			1		1	Pass
A00031219	NKI	BAS1	-34		1	1		1	1	Pass
A00031219	NKI	BAS2	-36	1	1	1	1	1	1	Pass
A00031272	NKI	BAS1	-91	1	1	1	1	1	1	Pass
A00031410	NKI	BAS1	-65	1			1		1	Pass
A00031411	NKI	BAS1	-158	0.75			0.75		0.75	Artifact
A00031452	NKI	BAS1	-90	1			1		1	Pass
A00031452	NKI	BAS2	-351	0.75			0.5		0.625	Artifact
A00031452	NKI	FLU1	-139		0.75	1		0.75	0.833333333	Artifact
A00031459	NKI	BAS1	-51	1	1				1	Pass
A00031549	NKI	BAS1	-82		1	1		1	1	Pass
A00031578	NKI	BAS1	-568		0	0		0	0	Fail
A00031604	NKI	BAS1	-101	1	0.75				0.875	Artifact
A00031605	NKI	BAS1	-33			1	1	1	1	Pass
A00031625	NKI	BAS1	-30	1			1		1	Pass
A00031683	NKI	BAS1	-71	1			1		1	Pass
A00031794	NKI	BAS1	-40			1	1	1	1	Pass
A00031794	NKI	BAS2	-49	1	1	1	1	1	1	Pass
A00031794	NKI	FLU1	-63	1			1		1	Pass
A00031871	NKI	BAS1	-38		1	1		1	1	Pass
A00031872	NKI	BAS1	-50	1	1				1	Pass
A00031881	NKI	BAS1	-106	1	1				1	Pass
A00031881	NKI	FLU1	-88	1	0.75	1	1	1	0.95	Artifact
A00031881	NKI	FLU2	-98		0.75	1		1	0.916666667	Artifact
A00031881	NKI	TRT	-91	1			1		1	Pass
A00031893	NKI	BAS1	-36			1	0.75	1	0.916666667	Artifact
A00031894	NKI	BAS1	-47			1	1	1	1	Pass
A00032007	NKI	BAS1	-50		1	1		1	1	Pass
A00032008	NKI	BAS1	-282	0.5			0.75		0.625	Artifact
A00032010	NKI	BAS1	-144	1	1				1	Pass
A00032817	NKI	BAS1	-235	0	0.25				0.125	Artifact
A00032862	NKI	BAS1	-31		1	1		1	1	Pass
A00032875	NKI	BAS1	-43		1	1		1	1	Pass
A00032875	NKI	BAS2	-58	1			1		1	Pass
A00032875	NKI	BAS3	-54	1	0.875	1	1	1	0.975	Artifact
A00032875	NKI	FLU1	-83	1	0.75				0.875	Artifact
A00032876	NKI	BAS1	-35	1			1		1	Pass
A00033011	NKI	BAS1	-47	1	1				1	Pass
A00033021	NKI	BAS1	-72	1	1				1	Pass
A00033180	NKI	BAS1	-34		1	1		1	1	Pass
A00033231	NKI	BAS1	-87	1			1		1	Pass
A00033232	NKI	BAS1	-57	1	1	1	1	1	1	Pass
A00033247	NKI	BAS1	-37			1	1	1	1	Pass
A00033248	NKI	BAS1	-70		1	1		1	1	Pass
A00033589	NKI	BAS1	-41		1	1		1	1	Pass
A00033609	NKI	BAS1	-93	1	1	1	1	1	1	Pass
A00033640	NKI	BAS1	-65	1			1		1	Pass
A00033643	NKI	BAS1	-53	1			1		1	Pass
A00033647	NKI	BAS1	-73	1			1		1	Pass
A00033673	NKI	BAS1	-32		1	1		1	1	Pass
A00033673	NKI	BAS2	-64		1	1		1	1	Pass
A00033673	NKI	FLU1	-63		1	1		0.75	0.916666667	Artifact
A00033714	NKI	BAS1	-88			1	1	1	1	Pass
A00033714	NKI	FLU1	-74	1			1		1	Pass
A00033714	NKI	FLU2	-76	1			1		1	Pass
A00033714	NKI	TRT	-95			1	1	1	1	Pass
A00033734	NKI	BAS1	-80		1	1		1	1	Pass
A00033735	NKI	BAS1	-68	1	1				1	Pass
A00033747	NKI	BAS1	-58	1	1	1	1	1	1	Pass
A00033747	NKI	BAS2	-50	1	1	1	1	1	1	Pass
A00033748	NKI	BAS1	-41	0.5	0.75				0.625	Artifact
A00033752	NKI	BAS1	-73	1			1		1	Pass
A00033764	NKI	BAS1	-25			1	1	1	1	Pass
A00033832	NKI	BAS1	-30			1	1	1	1	Pass
A00033834	NKI	BAS1	-39	1			1		1	Pass
A00033849	NKI	BAS1	-34	1			1		1	Pass
A00033903	NKI	BAS1	-44	1	1	1	1	1	1	Pass
A00033963	NKI	BAS1	-49		1	1		1	1	Pass
A00033998	NKI	BAS1	-53		1	1		1	1	Pass
A00034073	NKI	BAS1	-47			1	1	1	1	Pass
A00034074	NKI	BAS1	-75	1	1				1	Pass
A00034093	NKI	BAS1	-46			1	1	1	1	Pass
A00034193	NKI	BAS1	-61	1	1				1	Pass
A00034193	NKI	BAS2	-73			1	1	1	1	Pass
A00034350	NKI	BAS1	-221		1	0.75		0.5	0.75	Artifact
A00034350	NKI	FLU1	-45	1	1	1	1	1	1	Pass
A00034350	NKI	TRT	-64	1			1		1	Pass
A00034385	NKI	BAS1	-32	1	1	1	1	1	1	Pass
A00034400	NKI	BAS1	-28	1	1				1	Pass
A00034827	NKI	BAS1	-69	1			1		1	Pass
A00034854	NKI	BAS1	-36			1	1	1	1	Pass
A00034854	NKI	BAS2	-43	1	1				1	Pass
A00034987	NKI	BAS1	-33	1			1		1	Pass
A00035036	NKI	BAS1	-90	1			1		1	Pass
A00035054	NKI	BAS1	-133	0.75	1	1	1	0.5	0.85	Artifact
A00035072	NKI	BAS1	-24	1			1		1	Pass
A00035072	NKI	BAS2	-27	1			1		1	Pass
A00035291	NKI	BAS1	-83	1	1	1	1	1	1	Pass
A00035291	NKI	FLU1	-94	1			1		1	Pass
A00035292	NKI	BAS1	-101	1	1				1	Pass
A00035292	NKI	FLU1	-94	1	1				1	Pass
A00035292	NKI	FLU2	-83	1	1				1	Pass
A00035292	NKI	TRT	-99	1	1	1	1	1	1	Pass
A00035337	NKI	BAS1	-55	1	1	1	1	1	1	Pass
A00035363	NKI	BAS1	-158			1	0.5	0.75	0.75	Artifact
A00035364	NKI	BAS1	-102			1	1	1	1	Pass
A00035364	NKI	FLU1	-99	1			1		1	Pass
A00035377	NKI	BAS1	-81			1	1	1	1	Pass
A00035377	NKI	FLU1	-226	0	0.25				0.125	Artifact
A00035377	NKI	FLU2	-66	1			1		1	Pass
A00035377	NKI	TRT	-78		1	1		1	1	Pass
A00035378	NKI	BAS1	-22			1	1	1	1	Pass
A00035437	NKI	BAS1	-57	1	0.75				0.875	Artifact
A00035440	NKI	BAS1	-48			1	1	1	1	Pass
A00035504	NKI	BAS1	-45	1			1		1	Pass
A00035535	NKI	BAS1	-33	1	1				1	Pass
A00035553	NKI	BAS1	-62	1	1	1	1	1	1	Pass
A00035561	NKI	BAS1	-208			0.75	0.75	0.25	0.583333333	Artifact
A00035561	NKI	FLU1	-128	1			1		1	Pass
A00035561	NKI	FLU2	-111	1	1				1	Pass
A00035562	NKI	BAS1	-64	1	1	1	0.5	1	0.9	Artifact
A00035606	NKI	BAS1	-25			1	1	1	1	Pass
A00035608	NKI	BAS1	-58			1	1	1	1	Pass
A00035625	NKI	BAS1	-36			1	1	1	1	Pass
A00035633	NKI	BAS1	-52	1	0.75	0.75	0.75	1	0.85	Artifact
A00035699	NKI	BAS1	-52			1	1	1	1	Pass
A00035744	NKI	BAS1	-76	1	1				1	Pass
A00035765	NKI	BAS1	-48			1	1	1	1	Pass
A00035798	NKI	BAS1	-44	1	1				1	Pass
A00035827	NKI	BAS1	-45	1	1	1	1	1	1	Pass
A00035827	NKI	BAS2	-46	1			1		1	Pass
A00035840	NKI	BAS1	-37	1			1		1	Pass
A00035840	NKI	BAS2	-31	1	1				1	Pass
A00035869	NKI	BAS1	-239		0	1		0.75	0.583333333	Artifact
A00035879	NKI	BAS1	-102	1	1				1	Pass
A00035881	NKI	BAS1	-42			1	1	1	1	Pass
A00035926	NKI	BAS1	-98	1	1	1	1	1	1	Pass
A00035940	NKI	BAS1	-70			1	1	1	1	Pass
A00035940	NKI	FLU1	-57	1			1		1	Pass
A00035941	NKI	BAS1	-72	1			1		1	Pass
A00035943	NKI	BAS1	-28		1	1		1	1	Pass
A00035945	NKI	BAS1	-94	1	0.75				0.875	Artifact
A00035945	NKI	FLU1	-189	0.75			1		0.875	Artifact
A00035945	NKI	TRT	-105	1	1				1	Pass
A00035951	NKI	BAS1	-45	1	1	1	1	1	1	Pass
A00035960	NKI	BAS1	-52	1			1		1	Pass
A00037081	NKI	BAS1	-33		1	1		1	1	Pass
A00037110	NKI	BAS1	-51	1	1	1	1	1	1	Pass
A00037111	NKI	BAS1	-76	0.75	1	1	1	1	0.95	Artifact
A00037112	NKI	BAS1	-34			1	1	1	1	Pass
A00037112	NKI	BAS2	-43	1	1	1	1	1	1	Pass
A00037115	NKI	BAS1	-43		1	1		1	1	Pass
A00037117	NKI	BAS1	-56			1	1	1	1	Pass
A00037118	NKI	BAS1	-46	1	1	1	1	1	1	Pass
A00037120	NKI	BAS1	-33			1	1	1	1	Pass
A00037122	NKI	BAS1	-68	1			1		1	Pass
A00037123	NKI	BAS1	-45			1	1	1	1	Pass
A00037125	NKI	BAS1	-172	1			1		1	Pass
A00037126	NKI	BAS1	-91	1			1		1	Pass
A00037126	NKI	BAS2	-76			1	1	1	1	Pass
A00037126	NKI	TRT	-163	1	0.5	1	0.5	0.25	0.65	Artifact
A00037160	NKI	BAS1	-92			1	1	1	1	Pass
A00037170	NKI	BAS1	-54	1			1		1	Pass
A00037198	NKI	BAS1	-40	1			1		1	Pass
A00037229	NKI	BAS2	-49	1			1		1	Pass
A00037229	NKI	FLU1	-359	0.25	0				0.125	Artifact
A00037244	NKI	BAS1	-94	1			1		1	Pass
A00037266	NKI	BAS1	-95			1	1	1	1	Pass
A00037267	NKI	BAS1	-29		1	1		1	1	Pass
A00037267	NKI	BAS2	-39			1	1	1	1	Pass
A00037267	NKI	FLU1	-41		1	1		1	1	Pass
A00037267	NKI	FLU2	-35			1	1	1	1	Pass
A00037368	NKI	BAS1	-70	1	1				1	Pass
A00037377	NKI	BAS1	-56	1			1		1	Pass
A00037378	NKI	BAS1	-57	1	1	1	1	1	1	Pass
A00037386	NKI	BAS1	-67	1	1	1	1	1	1	Pass
A00037387	NKI	BAS1	-58	1	1	1	1	1	1	Pass
A00037396	NKI	BAS1	-35		1	1		1	1	Pass
A00037421	NKI	BAS1	-37			1	1	1	1	Pass
A00037439	NKI	BAS1	-82	1	1				1	Pass
A00037445	NKI	BAS1	-36		1	1		1	1	Pass
A00037457	NKI	BAS1	-63	1			1		1	Pass
A00037457	NKI	BAS2	-51			1	1	1	1	Pass
A00037457	NKI	FLU1	-53	1	1	1	1	0.75	0.95	Artifact
A00037458	NKI	BAS1	-67			1	1	1	1	Pass
A00037459	NKI	BAS1	-72			1	1	1	1	Pass
A00037476	NKI	BAS1	-48	1	1				1	Pass
A00037483	NKI	BAS1	-228	1			0.75		0.875	Artifact
A00037492	NKI	BAS1	-48			1	1	1	1	Pass
A00037510	NKI	BAS1	-49		1	1		1	1	Pass
A00037511	NKI	BAS1	-60		1	1		1	1	Pass
A00037511	NKI	BAS2	-57	1	0.75				0.875	Artifact
A00037522	NKI	BAS1	-67		1	1		1	1	Pass
A00037522	NKI	BAS2	-109	1	1				1	Pass
A00037522	NKI	FLU1	-92		1	1		1	1	Pass
A00037531	NKI	BAS1	-44			1	1	0.75	0.916666667	Artifact
A00037545	NKI	BAS1	-28			1	1	1	1	Pass
A00037582	NKI	BAS1	-75	1	1				1	Pass
A00037588	NKI	BAS1	-45		1	1		1	1	Pass
A00037589	NKI	BAS1	-58	1	1	1			1	Pass
A00037635	NKI	BAS1	-63	1	1	1	1	1	1	Pass
A00037646	NKI	BAS1	-32	1	1				1	Pass
A00037647	NKI	BAS1	-55	1	1				1	Pass
A00037725	NKI	BAS1	-66	1	1				1	Pass
A00037726	NKI	BAS1	-32	1	1	1	0.75	1	0.95	Artifact
A00037767	NKI	BAS1	-31	1	1	1	1	1	1	Pass
A00037768	NKI	BAS1	-78			1	1	1	1	Pass
A00037783	NKI	BAS1	-64			1	1	1	1	Pass
A00037784	NKI	BAS1	-50	1	1	1	1	1	1	Pass
A00037817	NKI	BAS1	-86	1	1	1	1	1	1	Pass
A00037817	NKI	BAS2	-97	1	1	1	1	1	1	Pass
A00037817	NKI	FLU1	-110	1	1				1	Pass
A00037818	NKI	BAS1	-72	1	1	1	1	1	1	Pass
A00037831	NKI	BAS1	-30	1	1				1	Pass
A00037848	NKI	BAS1	-57		0.75	1		1	0.916666667	Artifact
A00037848	NKI	BAS2	-211			0.5	0.25	0	0.25	Artifact
A00037866	NKI	BAS1	-83		1	1		1	1	Pass
A00037877	NKI	BAS1	-29			1	1	1	1	Pass
A00038115	NKI	BAS1	-48	1	1				1	Pass
A00038158	NKI	BAS1	-89	1	1				1	Pass
A00038159	NKI	BAS1	-56	1	1				1	Pass
A00038189	NKI	BAS1	-55	1			1		1	Pass
A00038285	NKI	BAS1	-47		1	1		1	1	Pass
A00038411	NKI	BAS1	-19			1	1	1	1	Pass
A00038414	NKI	BAS1	-66	1			1		1	Pass
A00038414	NKI	BAS2	-65	1	1				1	Pass
A00038414	NKI	FLU1	-63	1			1		1	Pass
A00038424	NKI	BAS1	-85	1	1				1	Pass
A00038424	NKI	BAS2	-143	1	1	1	1	1	1	Pass
A00038519	NKI	BAS1	-57	1	1	1	1	1	1	Pass
A00038520	NKI	BAS1	-77		1	1		1	1	Pass
A00038522	NKI	BAS1	-82	1	1	1	1	1	1	Pass
A00038603	NKI	BAS1	-132	1			1		1	Pass
A00038605	NKI	BAS1	-66		1	1		1	1	Pass
A00038616	NKI	BAS1	-43	1	1	1			1	Pass
A00038623	NKI	BAS1	-81	1	1				1	Pass
A00038623	NKI	BAS2	-95	1	1				1	Pass
A00038623	NKI	FLU1	-73	1	1	1	1	1	1	Pass
A00038623	NKI	FLU2	-81	1	1	1	1	1	1	Pass
A00038642	NKI	BAS1	-55	1			1		1	Pass
A00038642	NKI	BAS2	-47			1	1	1	1	Pass
A00038706	NKI	BAS1	-78	0.75	1	1	0.75	1	0.9	Artifact
A00038718	NKI	BAS1	-65			1	1	1	1	Pass
A00038731	NKI	BAS1	-41			1	1	1	1	Pass
A00038805	NKI	BAS1	-101	1			1		1	Pass
A00038806	NKI	BAS1	-71	1	1				1	Pass
A00038806	NKI	BAS2	-65	1	1	1	1	1	1	Pass
A00038806	NKI	FLU1	-61	1			1		1	Pass
A00038806	NKI	FLU2	-73			1	1	1	1	Pass
A00038817	NKI	BAS1	-25	1	1				1	Pass
A00038831	NKI	BAS1	-65		0.75	1		1	0.916666667	Artifact
A00038832	NKI	BAS1	-54	1	1	1	1	1	1	Pass
A00038957	NKI	BAS1	-32			1	1	1	1	Pass
A00038959	NKI	BAS1	-284	0	0.5				0.25	Artifact
A00038998	NKI	BAS1	-71			1	1	0.75	0.916666667	Artifact
A00038998	NKI	BAS2	-63	1			1		1	Pass
A00039040	NKI	BAS1	-110	1			1		1	Pass
A00039041	NKI	BAS1	-50	1	1	1			1	Pass
A00039074	NKI	BAS1	-54	1	1	1	1	1	1	Pass
A00039075	NKI	BAS1	-37		1	1		1	1	Pass
A00039083	NKI	BAS1	-94		1	1		1	1	Pass
A00039084	NKI	BAS1	-32	1	1				1	Pass
A00039118	NKI	BAS1	-32	1			1		1	Pass
A00039143	NKI	BAS1	-43			1	1	1	1	Pass
A00039159	NKI	BAS1	-59	1	1	1	1	1	1	Pass
A00039168	NKI	BAS1	-212	0.75	0.75	1	1	1	0.9	Artifact
A00039218	NKI	BAS1	-94		1	1		1	1	Pass
A00039249	NKI	BAS1	-23	1			1		1	Pass
A00039257	NKI	BAS1	-59	1	0.75	1	1	1	0.95	Artifact
A00039276	NKI	BAS1	-75		1	1		1	1	Pass
A00039277	NKI	BAS2	-52		1	1		1	1	Pass
A00039331	NKI	BAS1	-36	1	1				1	Pass
A00039353	NKI	BAS1	-51	1			1		1	Pass
A00039353	NKI	BAS2	-31	1			1		1	Pass
A00039353	NKI	FLU2	-35			1	1	1	1	Pass
A00039391	NKI	BAS1	-27	1	0.75				0.875	Artifact
A00039391	NKI	BAS2	-36	1			1		1	Pass
A00039391	NKI	FLU1	-47	1			1		1	Pass
A00039391	NKI	FLU2	-56			1	1	0.5	0.833333333	Artifact
A00039393	NKI	BAS1	-35	1	1	1	1	1	1	Pass
A00039431	NKI	BAS1	-40	1	1	1	1	1	1	Pass
A00039432	NKI	BAS1	-30		1	1		1	1	Pass
A00039461	NKI	BAS1	-88	1	1	1	1	1	1	Pass
A00039463	NKI	BAS1	-41	1	1	1			1	Pass
A00039488	NKI	BAS1	-47	1	1				1	Pass
A00039488	NKI	BAS2	-33		1	1		1	1	Pass
A00039490	NKI	BAS1	-124	1	1	1	1	1	1	Pass
A00039500	NKI	BAS1	-61	1	1	1	1	1	1	Pass
A00039559	NKI	BAS1	-39			1	1	1	1	Pass
A00039560	NKI	BAS1	-38	1	1				1	Pass
A00039560	NKI	BAS2	-60	1			1		1	Pass
A00039560	NKI	FLU1	-41			1	1	1	1	Pass
A00039560	NKI	FLU2	-41	1			1		1	Pass
A00039593	NKI	BAS1	-24	1	1	1	1	1	1	Pass
A00039593	NKI	BAS2	-39	1	1				1	Pass
A00039593	NKI	FLU1	-50	1			1		1	Pass
A00039593	NKI	FLU2	-45		1	1		0.75	0.916666667	Artifact
A00039607	NKI	BAS1	-41			1	1	1	1	Pass
A00039635	NKI	BAS1	-40			1	1	1	1	Pass
A00039636	NKI	BAS1	-49	1	1				1	Pass
A00039639	NKI	BAS1	-59		0.75	1		1	0.916666667	Artifact
A00039640	NKI	BAS1	-40		1	1		1	1	Pass
A00039655	NKI	BAS1	-74	1	1	1	1	1	1	Pass
A00039657	NKI	BAS1	-154		1	1		1	1	Pass
A00039669	NKI	BAS1	-52			1	1	1	1	Pass
A00039685	NKI	BAS1	-40			1	1	1	1	Pass
A00039685	NKI	BAS2	-28	1	1				1	Pass
A00039686	NKI	BAS1	-149	1	0.5	0.75	1	0.75	0.8	Artifact
A00039699	NKI	BAS1	-52		1	1		1	1	Pass
A00039700	NKI	BAS1	-42	1	1				1	Pass
A00039755	NKI	BAS1	-44	1	1	1	1	1	1	Pass
A00039756	NKI	BAS1	-65			1	1	1	1	Pass
A00039758	NKI	BAS1	-38	1	1	1	1	1	1	Pass
A00039758	NKI	BAS2	-31			1	1	1	1	Pass
A00039758	NKI	FLU1	-41			1	1	1	1	Pass
A00039783	NKI	BAS1	-116	1	1	1	1	1	1	Pass
A00039819	NKI	BAS1	-48	1	1				1	Pass
A00039820	NKI	BAS1	-55		0.75	1		0.75	0.833333333	Artifact
A00039820	NKI	BAS2	-66	1	1	1	1	1	1	Pass
A00039820	NKI	FLU1	-82	1	0.75				0.875	Artifact
A00039820	NKI	FLU2	-51			1	1	1	1	Pass
A00039845	NKI	BAS1	-79	1	1	1	1	0.75	0.95	Artifact
A00039846	NKI	BAS1	-42			1	1	1	1	Pass
A00039846	NKI	BAS2	-52	1	1	1	1	1	1	Pass
A00039846	NKI	FLU1	-47		1	1		1	1	Pass
A00039866	NKI	BAS1	-52	1	1				1	Pass
A00039895	NKI	BAS1	-55	1	1	1	1	1	1	Pass
A00039916	NKI	BAS1	-71			1	1	1	1	Pass
A00039923	NKI	BAS1	-57		1	1		0.75	0.916666667	Artifact
A00039943	NKI	BAS1	-50	1	1	1	1	1	1	Pass
A00039943	NKI	FLU1	-114			1	1	1	1	Pass
A00039943	NKI	FLU2	-39	1	1	1	1	1	1	Pass
A00039943	NKI	TRT	-74		1	1		1	1	Pass
A00039951	NKI	BAS1	-43			1	1	1	1	Pass
A00039951	NKI	BAS2	-59	0.5	0.75				0.625	Artifact
A00039951	NKI	FLU1	-59	1			1		1	Pass
A00039951	NKI	FLU2	-68	0.5	1	1	0.75	0.5	0.75	Artifact
A00039952	NKI	BAS1	-89	1			1		1	Pass
A00039965	NKI	BAS1	-100		1	1		1	1	Pass
A00039966	NKI	BAS1	-62	1	1				1	Pass
A00039974	NKI	BAS1	-35	1	0.75				0.875	Artifact
A00039975	NKI	BAS1	-98		1	1		1	1	Pass
A00039975	NKI	BAS2	-93	1	1	1	1	1	1	Pass
A00039975	NKI	FLU1	-131	1	1	1	0.75	0.75	0.9	Artifact
A00039988	NKI	BAS1	-83	1			1		1	Pass
A00040054	NKI	BAS1	-315	1			0.75		0.875	Artifact
A00040055	NKI	BAS1	-78	1	1	1	1	1	1	Pass
A00040091	NKI	BAS1	-73	1			1		1	Pass
A00040104	NKI	BAS1	-38	1	1	1	1	1	1	Pass
A00040116	NKI	BAS1	-30	1			1		1	Pass
A00040117	NKI	BAS1	-105	1			1		1	Pass
A00040117	NKI	FLU1	-89	1	0.75				0.875	Artifact
A00040117	NKI	FLU2	-52			1	1	1	1	Pass
A00040117	NKI	TRT	-408	0.25			0.5		0.375	Artifact
A00040151	NKI	BAS1	-49		1	1		1	1	Pass
A00040152	NKI	BAS1	-66		1	1		1	1	Pass
A00040174	NKI	BAS1	-41	1			1		1	Pass
A00040181	NKI	BAS1	-55		1	1		1	1	Pass
A00040182	NKI	BAS1	-94		1	1		1	1	Pass
A00040193	NKI	BAS1	-87	1	1	1	1	1	1	Pass
A00040225	NKI	BAS1	-79		1	1		1	1	Pass
A00040225	NKI	BAS2	-90	1	1				1	Pass
A00040226	NKI	BAS1	-27		1	1		1	1	Pass
A00040248	NKI	BAS1	-134	1	0.75	1			0.916666667	Artifact
A00040257	NKI	BAS1	-55			1	1	1	1	Pass
A00040285	NKI	BAS1	-42	1	1	1	1	1	1	Pass
A00040285	NKI	BAS2	-61			1	1	1	1	Pass
A00040285	NKI	FLU1	-79		1	1		1	1	Pass
A00040285	NKI	FLU2	-96			1	1	1	1	Pass
A00040286	NKI	BAS1	-32	1	1	1	1	1	1	Pass
A00040286	NKI	BAS2	-52	1	1				1	Pass
A00040286	NKI	FLU1	-36		1	1		1	1	Pass
A00040286	NKI	FLU2	-45		1	1		1	1	Pass
A00040301	NKI	BAS1	-73	1	1	1	1	1	1	Pass
A00040311	NKI	BAS1	-71	1			1		1	Pass
A00040311	NKI	BAS2	-93	1	1	1	1	1	1	Pass
A00040311	NKI	FLU1	-72	1	1				1	Pass
A00040312	NKI	BAS1	-102			1	1	1	1	Pass
A00040312	NKI	BAS2	-96	1			1		1	Pass
A00040324	NKI	BAS1	-54	1	1	1			1	Pass
A00040342	NKI	BAS1	-127	1	1	1			1	Pass
A00040343	NKI	BAS1	-81		1	1		1	1	Pass
A00040351	NKI	BAS1	-115		1	1		1	1	Pass
A00040382	NKI	BAS1	-199			1	1	0.75	0.916666667	Artifact
A00040383	NKI	BAS1	-54	1			1		1	Pass
A00040383	NKI	BAS2	-46		1	1		1	1	Pass
A00040439	NKI	BAS1	-31			1	1	1	1	Pass
A00040440	NKI	BAS1	-193	0.5			0.5		0.5	Artifact
A00040461	NKI	BAS1	-37			1	1	1	1	Pass
A00040462	NKI	BAS1	-41	1	1				1	Pass
A00040493	NKI	BAS1	-33	1	1	1			1	Pass
A00040494	NKI	BAS1	-48	1	1	1	1	1	1	Pass
A00040500	NKI	BAS1	-39			1	1	1	1	Pass
A00040517	NKI	BAS1	-44	1			1		1	Pass
A00040524	NKI	BAS1	-71		1	1		1	1	Pass
A00040525	NKI	BAS1	-44	1	1	1	1	1	1	Pass
A00040543	NKI	BAS1	-50	1	1				1	Pass
A00040556	NKI	BAS1	-87	1	0.75				0.875	Artifact
A00040556	NKI	FLU1	-83			1	0.75	1	0.916666667	Artifact
A00040556	NKI	FLU2	-49	1	1				1	Pass
A00040556	NKI	TRT	-127		0.5	1		1	0.833333333	Artifact
A00040567	NKI	BAS1	-52	1			1		1	Pass
A00040573	NKI	BAS1	-48	1			1		1	Pass
A00040580	NKI	BAS1	-56		1	1		1	1	Pass
A00040580	NKI	BAS2	-84	1			1		1	Pass
A00040580	NKI	FLU1	-65	1	1				1	Pass
A00040594	NKI	BAS1	-57	1			1		1	Pass
A00040599	NKI	BAS1	-65	1	1	1	1	1	1	Pass
A00040604	NKI	BAS1	-14	1	1	1	1	1	1	Pass
A00040604	NKI	BAS2	-25	1	1	1			1	Pass
A00040604	NKI	FLU1	-15			1	1	1	1	Pass
A00040604	NKI	FLU2	-27			1	1	1	1	Pass
A00040623	NKI	BAS1	-58	1	1				1	Pass
A00040628	NKI	BAS1	-47	1			1		1	Pass
A00040628	NKI	BAS2	-62			1	1	0.75	0.916666667	Artifact
A00040629	NKI	BAS1	-82	1	1	1	1	0.75	0.95	Artifact
A00040640	NKI	BAS1	-49	1	1				1	Pass
A00040678	NKI	BAS1	-43	1			1		1	Pass
A00040740	NKI	BAS1	-52	1			1		1	Pass
A00040741	NKI	BAS1	-38	1	1	1	1	1	1	Pass
A00040757	NKI	BAS1	-52			1	1	1	1	Pass
A00040784	NKI	BAS1	-48	1	1				1	Pass
A00040798	NKI	BAS1	-100	1			1		1	Pass
A00040798	NKI	FLU1	-73			1	1	1	1	Pass
A00040798	NKI	FLU2	-82			1	1	1	1	Pass
A00040798	NKI	TRT	-93	1			1		1	Pass
A00040800	NKI	BAS1	-81	1	1				1	Pass
A00040800	NKI	FLU1	-88	1	1				1	Pass
A00040800	NKI	FLU2	-92		1	1		1	1	Pass
A00040800	NKI	TRT	-99	1	1				1	Pass
A00040806	NKI	BAS1	-117	0.75	0.5	0.75	0.75	0.5	0.65	Artifact
A00040815	NKI	BAS1	-72	1	1	1	1	1	1	Pass
A00040815	NKI	FLU1	-87			1	1	1	1	Pass
A00040815	NKI	FLU2	-62		1	1		1	1	Pass
A00040815	NKI	TRT	-59			1	1	1	1	Pass
A00040827	NKI	BAS1	-34	1	1	1	1	1	1	Pass
A00040890	NKI	BAS1	-46		1	1		1	1	Pass
A00040891	NKI	BAS1	-28	1	1	1	0.75	0.75	0.9	Artifact
A00040915	NKI	BAS1	-70	1	1				1	Pass
A00040944	NKI	BAS1	-110		1	1		1	1	Pass
A00041049	NKI	BAS1	-58	1			1		1	Pass
A00041503	NKI	BAS1	-485	0	0	0			0	Fail
A00041540	NKI	BAS1	-38	1			1		1	Pass
A00043240	NKI	BAS1	-60	1			1		1	Pass
A00043240	NKI	TRT	-62	1			1		1	Pass
A00043282	NKI	BAS1	-31			1	1	1	1	Pass
A00043283	NKI	BAS1	-72	1			1		1	Pass
A00043299	NKI	BAS1	-41		1	1		1	1	Pass
A00043324	NKI	BAS1	-95		0	1		0.5	0.5	Artifact
A00043325	NKI	BAS1	-153	0.75	0.5	0.5	0.5	0.5	0.55	Artifact
A00043384	NKI	BAS1	-25	1			1		1	Pass
A00043417	NKI	BAS1	-59	1	1	1	1	1	1	Pass
A00043450	NKI	BAS1	-42	1			1		1	Pass
A00043462	NKI	BAS1	-60		1	1		1	1	Pass
A00043466	NKI	BAS1	-79			1	1	1	1	Pass
A00043494	NKI	BAS1	-56		1	1		1	1	Pass
A00043494	NKI	TRT	-68	1	1				1	Pass
A00043509	NKI	BAS1	-46	1	1				1	Pass
A00043520	NKI	BAS1	-65	1			1		1	Pass
A00043521	NKI	BAS1	-33			1	1	1	1	Pass
A00043617	NKI	BAS1	-79		1	1		1	1	Pass
A00043617	NKI	BAS2	-45			1	1	1	1	Pass
A00043617	NKI	FLU1	-54		1	1		1	1	Pass
A00043634	NKI	BAS1	-58	1	1				1	Pass
A00043635	NKI	BAS1	-57			1	1	1	1	Pass
A00043649	NKI	BAS1	-56		1	1		1	1	Pass
A00043677	NKI	BAS1	-94	1	1	1	1	1	1	Pass
A00043704	NKI	BAS1	-64		1	1		1	1	Pass
A00043721	NKI	BAS1	-111			1	1	1	1	Pass
A00043722	NKI	BAS1	-64	1	1				1	Pass
A00043739	NKI	BAS1	-41	1	1	1			1	Pass
A00043740	NKI	BAS1	-70		0.75	1		1	0.916666667	Artifact
A00043740	NKI	FLU1	-59	1	1	1	1	1	1	Pass
A00043740	NKI	TRT	-88	1	0.75	1	0.75	1	0.9	Artifact
A00043758	NKI	BAS1	-34	1			1		1	Pass
A00043762	NKI	BAS1	-39		1	1		1	1	Pass
A00043762	NKI	BAS2	-49	1			1		1	Pass
A00043762	NKI	FLU2	-33	1	1	1	1	1	1	Pass
A00043788	NKI	BAS1	-125	1	1	1	1	1	1	Pass
A00043788	NKI	FLU1	-142			1	0.75	0.75	0.833333333	Artifact
A00043788	NKI	TRT	-203		0	0.25		0.5	0.25	Artifact
A00043790	NKI	BAS1	-41	1	1	1	1	1	1	Pass
A00043998	NKI	BAS1	-44			1	1	1	1	Pass
A00044011	NKI	BAS1	-57		0.75	1		1	0.916666667	Artifact
A00044012	NKI	BAS1	-45	1	1	1	1	1	1	Pass
A00044068	NKI	BAS1	-88		1	1		0.75	0.916666667	Artifact
A00044084	NKI	BAS1	-38	1	1				1	Pass
A00044084	NKI	FLU1	-45	1			1		1	Pass
A00044130	NKI	BAS1	-48	1			1		1	Pass
A00044131	NKI	BAS1	-68		1	1		1	1	Pass
A00044154	NKI	BAS1	-43	1			1		1	Pass
A00044171	NKI	BAS1	-38			1	1	1	1	Pass
A00044291	NKI	BAS1	-59	1			1		1	Pass
A00044307	NKI	BAS1	-125		1	1		1	1	Pass
A00044344	NKI	BAS1	-72	1	1	1	1	0.75	0.95	Artifact
A00044345	NKI	BAS1	-31	1			1		1	Pass
A00044369	NKI	BAS1	-70		1	1		1	1	Pass
A00044370	NKI	BAS1	-24	1	1				1	Pass
A00044405	NKI	BAS1	-30		1	1		1	1	Pass
A00044408	NKI	BAS1	-41	1	1	1	1	1	1	Pass
A00044410	NKI	BAS1	-78	1			1		1	Pass
A00044427	NKI	BAS1	-82			1	1	1	1	Pass
A00045554	NKI	BAS1	-112	1	1				1	Pass
A00045589	NKI	BAS1	-68		1	1		1	1	Pass
A00045590	NKI	BAS1	-52	1			1		1	Pass
A00050679	NKI	BAS1	-62	1	1				1	Pass
A00050720	NKI	BAS1	-64	1	1	1	1	0.75	0.95	Artifact
A00050721	NKI	BAS1	-51		1	1		1	1	Pass
A00050742	NKI	BAS1	-25	1			1		1	Pass
A00050743	NKI	BAS1	-54			1	1	1	1	Pass
A00050795	NKI	BAS1	-69	1	1				1	Pass
A00050815	NKI	BAS1	-102	1	1	1	1	1	1	Pass
A00050847	NKI	BAS1	-67		1	1		1	1	Pass
A00050847	NKI	FLU1	-89	1	1				1	Pass
A00050847	NKI	FLU2	-71	1	1				1	Pass
A00050848	NKI	BAS1	-67	1	1				1	Pass
A00050848	NKI	FLU1	-94			1	1	1	1	Pass
A00050848	NKI	FLU2	-81	1			1		1	Pass
A00050848	NKI	TRT	-110			1	1	1	1	Pass
A00050911	NKI	BAS1	-101	1			1		1	Pass
A00050912	NKI	BAS1	-46			1	1	1	1	Pass
A00050940	NKI	BAS1	-90	1	1	1			1	Pass
A00050977	NKI	BAS1	-80		1	1		1	1	Pass
A00050998	NKI	BAS1	-39	1			1		1	Pass
A00051023	NKI	BAS1	-47	1	1	1	1	1	1	Pass
A00051063	NKI	BAS1	-51		1	1		1	1	Pass
A00051064	NKI	BAS1	-48	1	1				1	Pass
A00051455	NKI	BAS1	-51	1	1	1	1	1	1	Pass
A00051456	NKI	BAS1	-37		1	1		1	1	Pass
A00051456	NKI	BAS2	-56	1	1				1	Pass
A00051456	NKI	FLU1	-52	1	0.5				0.75	Artifact
A00051456	NKI	FLU2	-54		1	1		1	1	Pass
A00051457	NKI	BAS1	-96		1	1		1	1	Pass
A00051477	NKI	BAS1	-56	1			1		1	Pass
A00051513	NKI	BAS1	-46	1			1		1	Pass
A00051514	NKI	BAS1	-34		1	1		1	1	Pass
A00051517	NKI	BAS1	-47		1	1		1	1	Pass
A00051528	NKI	BAS1	-43	1	1				1	Pass
A00051529	NKI	BAS1	-44	1	1				1	Pass
A00051539	NKI	BAS1	-37			1	1	1	1	Pass
A00051548	NKI	BAS1	-37	1	1				1	Pass
A00051603	NKI	BAS1	-68	1			1		1	Pass
A00051604	NKI	BAS1	-44	1	1				1	Pass
A00051638	NKI	BAS1	-43		1	1		1	1	Pass
A00051658	NKI	BAS1	-41	1	1				1	Pass
A00051676	NKI	BAS1	-80		1	1		1	1	Pass
A00051678	NKI	BAS1	-92	1	1	1	1	1	1	Pass
A00051679	NKI	BAS1	-79			1	1	1	1	Pass
A00051690	NKI	BAS1	-45	1			1		1	Pass
A00051691	NKI	BAS1	-141			1	1	1	1	Pass
A00051691	NKI	FLU1	-143			1	1	1	1	Pass
A00051691	NKI	FLU2	-98			1	1	1	1	Pass
A00051691	NKI	TRT	-159	0.75	0.75				0.75	Artifact
A00051726	NKI	BAS1	-42	1	1				1	Pass
A00051727	NKI	BAS1	-30	1	1	1	1	1	1	Pass
A00051727	NKI	TRT	-29	1	1	1	0.75	1	0.95	Artifact
A00051758	NKI	BAS1	-118	1	1	1	1	1	1	Pass
A00051774	NKI	BAS1	-71		1	1		1	1	Pass
A00051796	NKI	BAS1	-108		1	1		0.75	0.916666667	Artifact
A00051835	NKI	BAS1	-44	1	0.75	1			0.916666667	Artifact
A00051835	NKI	BAS2	-80	1	0.5	1			0.833333333	Artifact
A00051835	NKI	FLU1	-67	1	1	1			1	Pass
A00051835	NKI	FLU2	-34	1			1		1	Pass
A00051882	NKI	BAS1	-30	1	1				1	Pass
A00051882	NKI	BAS2	-27	1	1				1	Pass
A00051882	NKI	FLU1	-29	1	1				1	Pass
A00051925	NKI	BAS1	-42	1			1		1	Pass
A00051927	NKI	BAS1	-52	1	1	1	1	1	1	Pass
A00052069	NKI	BAS1	-73	1	1				1	Pass
A00052069	NKI	FLU1	-64	1			1		1	Pass
A00052069	NKI	TRT	-96			1	1	1	1	Pass
A00052070	NKI	BAS1	-36	1	1				1	Pass
A00052117	NKI	BAS1	-50		1	1		1	1	Pass
A00052117	NKI	BAS2	-40	1			1		1	Pass
A00052118	NKI	BAS1	-33	1	1	1	1	1	1	Pass
A00052125	NKI	BAS1	-43	1	1	1	1	1	1	Pass
A00052126	NKI	BAS1	-68	1			1		1	Pass
A00052165	NKI	BAS1	-251		0	0		0	0	Fail
A00052165	NKI	TRT	-127	0.5			0.75		0.625	Artifact
A00052180	NKI	BAS1	-37			1	1	1	1	Pass
A00052181	NKI	BAS1	-54	1	1	1	1	1	1	Pass
A00052181	NKI	BAS2	-49	1	1				1	Pass
A00052181	NKI	FLU1	-49		1	1		1	1	Pass
A00052182	NKI	FLU1	-155	1			1		1	Pass
A00052182	NKI	FLU2	-310	0	0				0	Fail
A00052182	NKI	TRT	-239			0.5	0	0	0.166666667	Artifact
A00052183	NKI	BAS1	-64	1	1				1	Pass
A00052183	NKI	FLU1	-66	1	1				1	Pass
A00052183	NKI	FLU2	-64			1	1	1	1	Pass
A00052183	NKI	TRT	-54	1	1				1	Pass
A00052197	NKI	BAS1	-64		1	1		1	1	Pass
A00052214	NKI	BAS1	-107	1	1				1	Pass
A00052234	NKI	BAS1	-69	1			1		1	Pass
A00052234	NKI	BAS2	-57			1	1	1	1	Pass
A00052234	NKI	FLU1	-80	1	1				1	Pass
A00052234	NKI	FLU2	-89	1	1	1	1	1	1	Pass
A00052235	NKI	BAS1	-94	1	1	1	1	1	1	Pass
A00052237	NKI	BAS1	-76		1	1		1	1	Pass
A00052237	NKI	FLU1	-84			1	1	1	1	Pass
A00052237	NKI	FLU2	-70	1	1	1	1	1	1	Pass
A00052237	NKI	TRT	-107		1	1		0.75	0.916666667	Artifact
A00052307	NKI	BAS1	-102	1	1	1	1	1	1	Pass
A00052319	NKI	BAS1	-21	1			1		1	Pass
A00052340	NKI	BAS1	-51		1	1		1	1	Pass
A00052461	NKI	BAS1	-92	1			1		1	Pass
A00052461	NKI	FLU1	-71	1	1	1	1	1	1	Pass
A00052461	NKI	FLU2	-50	1			1		1	Pass
A00052461	NKI	TRT	-105			1	1	1	1	Pass
A00052499	NKI	BAS1	-32	1	1	1	1	1	1	Pass
A00052500	NKI	BAS1	-76	1	1	1	1	1	1	Pass
A00052502	NKI	BAS1	-76			1	1	1	1	Pass
A00052560	NKI	BAS1	-68	1	1				1	Pass
A00052577	NKI	BAS1	-33	1	1				1	Pass
A00052577	NKI	BAS2	-35		1	1		1	1	Pass
A00052577	NKI	FLU1	-44	1	1				1	Pass
A00052577	NKI	FLU2	-35	1	1	1	1	1	1	Pass
A00052612	NKI	BAS1	-30			1	1	1	1	Pass
A00052613	NKI	BAS1	-263	0.75			0		0.375	Artifact
A00052614	NKI	BAS1	-47			1	1	1	1	Pass
A00052639	NKI	BAS1	-37	1	1	1	1	1	1	Pass
A00053171	NKI	BAS1	-414	0	0	0	0	0	0	Fail
A00053171	NKI	FLU1	-206	1	1	1	1	1	1	Pass
A00053171	NKI	FLU2	-217	1	1				1	Pass
A00053202	NKI	BAS1	-26			1	1	1	1	Pass
A00053202	NKI	BAS2	-22	1	1				1	Pass
A00053202	NKI	FLU1	-22	1			1		1	Pass
A00053202	NKI	FLU2	-26	1			1		1	Pass
A00053203	NKI	BAS1	-83	1			1		1	Pass
A00053203	NKI	FLU1	-104	1	1				1	Pass
A00053203	NKI	TRT	-111		1	1		1	1	Pass
A00053320	NKI	BAS1	-85		1	1		1	1	Pass
A00053320	NKI	FLU1	-134		1	1		1	1	Pass
A00053320	NKI	FLU2	-117	1			1		1	Pass
A00053320	NKI	TRT	-133			1	1	1	1	Pass
A00053369	NKI	BAS1	-58	0.75	1	1	0.5	0.5	0.75	Artifact
A00053390	NKI	BAS1	-58		1	1		1	1	Pass
A00053390	NKI	TRT	-49	1			1		1	Pass
A00053455	NKI	BAS1	-35			1	1	1	1	Pass
A00053456	NKI	BAS1	-74	1	1	1	1	1	1	Pass
A00053473	NKI	BAS1	-44	1	1	1	1	1	1	Pass
A00053474	NKI	BAS1	-42	1			1		1	Pass
A00053475	NKI	BAS1	-28		1	1		1	1	Pass
A00053490	NKI	BAS1	-100	1	1				1	Pass
A00053490	NKI	TRT	-74	1	1				1	Pass
A00053546	NKI	BAS1	-137		1	1		1	1	Pass
A00053576	NKI	BAS1	-43	1			1		1	Pass
A00053577	NKI	BAS1	-50			1	1	1	1	Pass
A00053578	NKI	BAS1	-56		1	1		1	1	Pass
A00053625	NKI	BAS1	-59	1			1		1	Pass
A00053626	NKI	BAS1	-60			1	1	1	1	Pass
A00053627	NKI	BAS1	-43		1	1		1	1	Pass
A00053744	NKI	BAS1	-55	1	1				1	Pass
A00053744	NKI	TRT	-48	1	1	1	1	1	1	Pass
A00053850	NKI	BAS1	-75		1	1		1	1	Pass
A00053851	NKI	BAS1	-29	1	1				1	Pass
A00053854	NKI	BAS1	-38	1	1	1			1	Pass
A00053873	NKI	BAS1	-55			1	1	1	1	Pass
A00053873	NKI	FLU1	-62	1	1	1			1	Pass
A00053873	NKI	FLU2	-65	1	1				1	Pass
A00053873	NKI	TRT	-118	1	0.75				0.875	Artifact
A00053874	NKI	BAS1	-39		1	1		1	1	Pass
A00053901	NKI	BAS1	-27	1	1	1	1	1	1	Pass
A00053902	NKI	BAS1	-44		1	1		1	1	Pass
A00053927	NKI	BAS1	-48	1	1				1	Pass
A00053949	NKI	BAS1	-108	1	1	1	1	1	1	Pass
A00053949	NKI	BAS2	-138	1	1	1	1	1	1	Pass
A00053949	NKI	FLU1	-147	1			1		1	Pass
A00054019	NKI	BAS1	-58	1	1	1	1	1	1	Pass
A00054038	NKI	BAS1	-54		1	1		0.75	0.916666667	Artifact
A00054153	NKI	BAS1	-63			1	1	1	1	Pass
A00054153	NKI	BAS2	-84			1	1	0.75	0.916666667	Artifact
A00054153	NKI	FLU1	-105		1	1		0.75	0.916666667	Artifact
A00054153	NKI	FLU2	-94			1	1	0.75	0.916666667	Artifact
A00054173	NKI	BAS1	-57	1			1		1	Pass
A00054206	NKI	BAS1	-131	1	1				1	Pass
A00054206	NKI	FLU1	-89		1	1		1	1	Pass
A00054206	NKI	FLU2	-117		1	1		1	1	Pass
A00054206	NKI	TRT	-193	1	0	0	1	0.75	0.55	Artifact
A00054358	NKI	BAS1	-43	1	1				1	Pass
A00054441	NKI	BAS1	-49			1	1	1	1	Pass
A00054482	NKI	BAS1	-73	1	1	1	0.75	1	0.95	Artifact
A00054504	NKI	BAS1	-65	1	1	1	1	1	1	Pass
A00054532	NKI	BAS1	-45	1			1		1	Pass
A00054533	NKI	BAS1	-47	1	1				1	Pass
A00054534	NKI	BAS1	-78	1	1				1	Pass
A00054578	NKI	BAS1	-107	1			1		1	Pass
A00054578	NKI	TRT	-47	1	1	1			1	Pass
A00054581	NKI	BAS1	-81		1	1		1	1	Pass
A00054581	NKI	FLU1	-78	1	1	1	1	1	1	Pass
A00054581	NKI	FLU2	-74			1	1	1	1	Pass
A00054581	NKI	TRT	-79	1			1		1	Pass
A00054621	NKI	BAS1	-72		1	1		0.75	0.916666667	Artifact
A00054857	NKI	BAS1	-34	1	1	1	1	1	1	Pass
A00054857	NKI	BAS2	-22	1	1	1	1	1	1	Pass
A00054895	NKI	BAS1	-50	1	1				1	Pass
A00054895	NKI	BAS2	-48			1	1	1	1	Pass
A00054895	NKI	FLU1	-40	1			1		1	Pass
A00054897	NKI	BAS1	-136	0.25	0.25				0.25	Artifact
A00054913	NKI	BAS1	-86			1	1	1	1	Pass
A00054914	NKI	BAS1	-37	1			1		1	Pass
A00054929	NKI	BAS1	-85		1	1		0.75	0.916666667	Artifact
A00055061	NKI	BAS1	-21	1	1	1	1	1	1	Pass
A00055076	NKI	BAS1	-133			1	1	1	1	Pass
A00055076	NKI	FLU1	-105			1	1	1	1	Pass
A00055076	NKI	TRT	-109	1	1	1	1	1	1	Pass
A00055116	NKI	BAS1	-83		0.75	1		1	0.916666667	Artifact
A00055121	NKI	BAS1	-63	1	1	1	1	1	1	Pass
A00055122	NKI	BAS1	-208	1	0.25				0.625	Artifact
A00055122	NKI	FLU1	-88			1	1	1	1	Pass
A00055122	NKI	FLU2	-93	1	1				1	Pass
A00055122	NKI	TRT	-91			1	1	1	1	Pass
A00055215	NKI	BAS1	-37	1	1	1	1	1	1	Pass
A00055262	NKI	BAS1	-247	0			1		0.5	Artifact
A00055262	NKI	FLU1	-147			1	1	0.75	0.916666667	Artifact
A00055262	NKI	FLU2	-91		1	1		1	1	Pass
A00055262	NKI	TRT	-77	1	1				1	Pass
A00055267	NKI	FLU2	-88	1			1		1	Pass
A00055267	NKI	TRT	-409	0	0				0	Fail
A00055332	NKI	BAS1	-76	1	1	1	1	1	1	Pass
A00055352	NKI	BAS1	-53		1	1		1	1	Pass
A00055353	NKI	BAS1	-65	1			1		1	Pass
A00055373	NKI	BAS1	-31		1	1		1	1	Pass
A00055446	NKI	BAS1	-47	1	1				1	Pass
A00055447	NKI	BAS1	-37	1			1		1	Pass
A00055462	NKI	BAS1	-81	1	1				1	Pass
A00055462	NKI	FLU1	-56		1	1		1	1	Pass
A00055462	NKI	FLU2	-61	1	1	1	1	1	1	Pass
A00055462	NKI	TRT	-67			1	1	1	1	Pass
A00055541	NKI	BAS1	-253	0.5			0.25		0.375	Artifact
A00055542	NKI	BAS1	-48		1	1		1	1	Pass
A00055612	NKI	BAS1	-51	1	1				1	Pass
A00055612	NKI	FLU1	-42	1	1				1	Pass
A00055612	NKI	FLU2	-53		1	1		1	1	Pass
A00055612	NKI	TRT	-68	1	1				1	Pass
A00055624	NKI	BAS1	-59			1	1	1	1	Pass
A00055624	NKI	FLU1	-61		1	1		1	1	Pass
A00055692	NKI	BAS1	-54	1	1	1	1	1	1	Pass
A00055693	NKI	BAS1	-221	1	0				0.5	Artifact
A00055693	NKI	FLU1	-168	1	1	1	1	1	1	Pass
A00055693	NKI	FLU2	-124			1	1	1	1	Pass
A00055693	NKI	TRT	-124		1	1		1	1	Pass
A00055727	NKI	BAS1	-303		0	1		0.75	0.583333333	Artifact
A00055727	NKI	FLU2	-535	0	0				0	Fail
A00055727	NKI	TRT	-191	1	0.5	1	0.75	1	0.85	Artifact
A00055728	NKI	BAS1	-149	0.75	1				0.875	Artifact
A00055728	NKI	FLU2	-70			1	1	1	1	Pass
A00055728	NKI	TRT	-196	0.75	0.75	1	0.25	0.75	0.7	Artifact
A00055738	NKI	BAS1	-26	1	1				1	Pass
A00055763	NKI	BAS1	-54			1	1	1	1	Pass
A00055763	NKI	BAS2	-48	1			1		1	Pass
A00055763	NKI	FLU1	-47	1	1	1	1	1	1	Pass
A00055765	NKI	BAS1	-332	0.25			0.25		0.25	Artifact
A00055806	NKI	BAS1	-59		1	1		1	1	Pass
A00055832	NKI	BAS1	-115	1	1				1	Pass
A00055832	NKI	FLU1	-94			1	1	1	1	Pass
A00055866	NKI	BAS1	-93		1	1		1	1	Pass
A00055866	NKI	TRT	-85	1	1				1	Pass
A00055867	NKI	BAS1	-81	1	1				1	Pass
A00055867	NKI	TRT	-98	1	1	1	1	1	1	Pass
A00055903	NKI	BAS1	-59			1	1	1	1	Pass
A00055903	NKI	TRT	-65	1			1		1	Pass
A00055906	NKI	BAS1	-76	1	1	1	1	1	1	Pass
A00055907	NKI	BAS1	-695	0			0		0	Fail
A00055907	NKI	FLU2	-250	0	0				0	Fail
A00055907	NKI	TRT	-148	1	1				1	Pass
A00055908	NKI	BAS1	-80	1	1	1	1	1	1	Pass
A00055908	NKI	FLU1	-52	1	1	1	1	1	1	Pass
A00055908	NKI	TRT	-89		0.75	1		1	0.916666667	Artifact
A00055920	NKI	BAS1	-80	1	1	1	1	1	1	Pass
A00055920	NKI	FLU1	-71		1	1		1	1	Pass
A00055920	NKI	FLU2	-63			1	1	1	1	Pass
A00055920	NKI	TRT	-575	0	0	0			0	Fail
A00055921	NKI	FLU2	-67	1			1		1	Pass
A00055921	NKI	TRT	-71	1			1		1	Pass
A00055946	NKI	BAS1	-163	0.75	0				0.375	Artifact
A00055946	NKI	FLU1	-227			0.75	0	0.25	0.333333333	Artifact
A00055946	NKI	FLU2	-139	1			1		1	Pass
A00055946	NKI	TRT	-220		0	0		0.75	0.25	Artifact
A00055962	NKI	BAS1	-44	1	1	1	1	1	1	Pass
A00055991	NKI	BAS1	-24		1	1		1	1	Pass
A00055991	NKI	TRT	-37	1	1				1	Pass
A00056020	NKI	BAS1	-598	0	0				0	Fail
A00056020	NKI	FLU1	-115	1	1				1	Pass
A00056020	NKI	FLU2	-155			1	1	1	1	Pass
A00056020	NKI	TRT	-205	1			1		1	Pass
A00056022	NKI	BAS1	-106			1	1	1	1	Pass
A00056022	NKI	FLU1	-62			1	1	1	1	Pass
A00056022	NKI	FLU2	-511			0	0	0	0	Fail
A00056022	NKI	TRT	-160		0.75	1		1	0.916666667	Artifact
A00056097	NKI	BAS1	-90	1	1	1			1	Pass
A00056098	NKI	BAS1	-15	1	1				1	Pass
A00056098	NKI	BAS2	-23		1	1		1	1	Pass
A00056099	NKI	BAS2	-72	1	1	1			1	Pass
A00056099	NKI	FLU1	-85	1	1	1			1	Pass
A00056138	NKI	BAS1	-65			1	1	1	1	Pass
A00056138	NKI	FLU1	-55	1			1		1	Pass
A00056138	NKI	TRT	-65	1	1	1	1	1	1	Pass
A00056164	NKI	BAS1	-53	1	1	1	0.75	0.75	0.9	Artifact
A00056198	NKI	BAS1	-109	1			1		1	Pass
A00056198	NKI	FLU1	-81	1			1		1	Pass
A00056198	NKI	FLU2	-152		1	1		1	1	Pass
A00056198	NKI	TRT	-136	1	0.75	1	0.75	1	0.9	Artifact
A00056295	NKI	FLU1	-375	0	0				0	Fail
A00056295	NKI	FLU2	-178	1	0.75	1	1	1	0.95	Artifact
A00056295	NKI	TRT	-251	0.75	0.25	0.75	0.5	1	0.65	Artifact
A00056306	NKI	BAS1	-22		1	1		1	1	Pass
A00056307	NKI	BAS1	-119	1			1		1	Pass
A00056307	NKI	FLU1	-115			1	1	1	1	Pass
A00056307	NKI	FLU2	-76			1	1	1	1	Pass
A00056307	NKI	TRT	-121	1	1	1	1	1	1	Pass
A00056372	NKI	BAS1	-62	1			1		1	Pass
A00056419	NKI	BAS1	-220	0.5	0	0.25	0.25	0.5	0.3	Artifact
A00056419	NKI	FLU2	-400	0	0.25	0	0	0	0.05	Artifact
A00056420	NKI	BAS1	-205	1	0.25				0.625	Artifact
A00056420	NKI	FLU1	-68	1			1		1	Pass
A00056420	NKI	FLU2	-133	1			1		1	Pass
A00056420	NKI	TRT	-133	1			1		1	Pass
A00056452	NKI	BAS1	-40	1	1	1	1	1	1	Pass
A00056452	NKI	BAS2	-44		1	1		1	1	Pass
A00056453	NKI	BAS1	-52	1			1		1	Pass
A00056470	NKI	BAS1	-39		1	1		1	1	Pass
A00056470	NKI	TRT	-76	1	1	1	1	1	1	Pass
A00056489	NKI	BAS1	-81	1	1	1	1	1	1	Pass
A00056556	NKI	BAS1	-85			1	1	0.75	0.916666667	Artifact
A00056605	NKI	BAS1	-44		1	1		1	1	Pass
A00056605	NKI	FLU1	-42			1	1	1	1	Pass
A00056605	NKI	FLU2	-45		1	1		1	1	Pass
A00056605	NKI	TRT	-44	1	1				1	Pass
A00056627	NKI	BAS1	-34		1	1		1	1	Pass
A00056628	NKI	BAS1	-79	1			1		1	Pass
A00056679	NKI	BAS1	-116		1	1		1	1	Pass
A00056679	NKI	FLU1	-85	1			1		1	Pass
A00056679	NKI	FLU2	-101			1	1	1	1	Pass
A00056679	NKI	TRT	-87	1	1	1			1	Pass
A00056703	NKI	BAS1	-81		1	1		1	1	Pass
A00056746	NKI	BAS1	-99			1	1	1	1	Pass
A00056746	NKI	FLU2	-94	1			1		1	Pass
A00056746	NKI	TRT	-88		1	1		1	1	Pass
A00056830	NKI	BAS1	-76	1			1		1	Pass
A00056830	NKI	FLU2	-74	1	1				1	Pass
A00056898	NKI	BAS1	-35	1			1		1	Pass
A00056919	NKI	BAS1	-135		0.75	1		0.75	0.833333333	Artifact
A00056920	NKI	BAS1	-106		1	1		1	1	Pass
A00056920	NKI	TRT	-79			1	1	1	1	Pass
A00056949	NKI	BAS1	-54	1	1				1	Pass
A00057005	NKI	BAS1	-95	1			1		1	Pass
A00057035	NKI	BAS1	-62		1	1		1	1	Pass
A00057076	NKI	BAS1	-452	0	0				0	Fail
A00057076	NKI	FLU1	-88	1			1		1	Pass
A00057076	NKI	FLU2	-98	1			1		1	Pass
A00057076	NKI	TRT	-63			1	1	1	1	Pass
A00057182	NKI	BAS1	-79	1	1	1	1	1	1	Pass
A00057183	NKI	BAS1	-62	1	1	1	1	1	1	Pass
A00057203	NKI	BAS1	-69	1	1	1	1	1	1	Pass
A00057235	NKI	BAS1	-52		1	1		1	1	Pass
A00057372	NKI	BAS1	-51	1	1	1	1	1	1	Pass
A00057405	NKI	BAS1	-55	1			1		1	Pass
A00057405	NKI	FLU1	-67	1	1	1	1	1	1	Pass
A00057405	NKI	FLU2	-40	1	1	1	1	1	1	Pass
A00057405	NKI	TRT	-51		1	1		1	1	Pass
A00057406	NKI	BAS1	-79			1	1	0.75	0.916666667	Artifact
A00057444	NKI	BAS1	-49	1	1				1	Pass
A00057445	NKI	BAS1	-33	1	1	1	1	1	1	Pass
A00057445	NKI	BAS2	-38	1	1	1	1	1	1	Pass
A00057445	NKI	FLU1	-36			1	1	1	1	Pass
A00057445	NKI	FLU2	-40		1	1		1	1	Pass
A00057480	NKI	BAS1	-137	1	1				1	Pass
A00057480	NKI	FLU1	-111	1			1		1	Pass
A00057480	NKI	FLU2	-75			1	1	1	1	Pass
A00057480	NKI	TRT	-128		1	1		1	1	Pass
A00057725	NKI	BAS1	-130	1			1		1	Pass
A00057725	NKI	FLU1	-83	1	1	1	1	1	1	Pass
A00057725	NKI	FLU2	-66	1	1	1	1	1	1	Pass
A00057725	NKI	TRT	-244	0.5	0.25				0.375	Artifact
A00057726	NKI	FLU2	-120	0.75	0.25				0.5	Artifact
A00057726	NKI	TRT	-72	1			1		1	Pass
A00057786	NKI	BAS1	-48		1	1		1	1	Pass
A00057808	NKI	BAS1	-59			1	1	1	1	Pass
A00057809	NKI	BAS1	-120	1	1				1	Pass
A00057809	NKI	FLU1	-64	1			1		1	Pass
A00057809	NKI	FLU2	-82	1	1				1	Pass
A00057809	NKI	TRT	-74	1	1				1	Pass
A00057862	NKI	BAS1	-58	1	1	1	1	1	1	Pass
A00057862	NKI	FLU1	-80	1	1	1	1	1	1	Pass
A00057862	NKI	FLU2	-62	1	1				1	Pass
A00057862	NKI	TRT	-50	1			1		1	Pass
A00057863	NKI	BAS1	-811	0	0	0	0	0	0	Fail
A00057863	NKI	FLU2	-503	0	0	0	0	0	0	Fail
A00057863	NKI	TRT	-298	0.25			0.5		0.375	Artifact
A00057965	NKI	BAS1	-157	1	1	1	1	1	1	Pass
A00057967	NKI	BAS1	-94	1	1				1	Pass
A00058004	NKI	BAS1	-275	0.25	0.25	0.25	0.25	0	0.2	Artifact
A00058004	NKI	FLU1	-115	1	1				1	Pass
A00058004	NKI	FLU2	-101	1	1	1	1	1	1	Pass
A00058004	NKI	TRT	-106	1			1		1	Pass
A00058053	NKI	BAS1	-58			1	1	1	1	Pass
A00058053	NKI	FLU1	-57	1	1	1	1	1	1	Pass
A00058053	NKI	TRT	-51			1	1	1	1	Pass
A00058060	NKI	BAS1	-104	1			1		1	Pass
A00058060	NKI	TRT	-281			0.5	0.25	0.25	0.333333333	Artifact
A00058061	NKI	BAS1	-92	0.75	0.75				0.75	Artifact
A00058061	NKI	TRT	-59			1	1	1	1	Pass
A00058130	NKI	BAS1	-104		1	1		1	1	Pass
A00058145	NKI	BAS1	-107			1	0.75	0.75	0.833333333	Artifact
A00058214	NKI	BAS1	-31	1	1	1	1	1	1	Pass
A00058215	NKI	BAS1	-110	1			1		1	Pass
A00058215	NKI	FLU1	-84	1	1				1	Pass
A00058215	NKI	FLU2	-98	1			1		1	Pass
A00058215	NKI	TRT	-112	1			1		1	Pass
A00058229	NKI	BAS1	-79	1	1				1	Pass
A00058229	NKI	FLU1	-207		0	0.25		0.25	0.166666667	Artifact
A00058229	NKI	FLU2	-80			1	1	1	1	Pass
A00058229	NKI	TRT	-99		0.75	1		1	0.916666667	Artifact
A00058318	NKI	BAS1	-58			1	1	1	1	Pass
A00058436	NKI	BAS1	-112		1	1		0.75	0.916666667	Artifact
A00058503	NKI	BAS1	-32	1			1		1	Pass
A00058503	NKI	BAS2	-39	1			1		1	Pass
A00058503	NKI	FLU1	-46	1	1				1	Pass
A00058503	NKI	FLU2	-47	1	1	1	1	1	1	Pass
A00058515	NKI	BAS1	-45	1	1				1	Pass
A00058516	NKI	BAS1	-208	1			1		1	Pass
A00058516	NKI	TRT	-254	0.25	0	1	0	0.75	0.4	Artifact
A00058537	NKI	BAS1	-60	1	1	1	1	1	1	Pass
A00058537	NKI	FLU2	-58	1	1				1	Pass
A00058552	NKI	BAS1	-90			1	1	1	1	Pass
A00058570	NKI	BAS1	-213		1	1		1	1	Pass
A00058570	NKI	FLU1	-164		0.75	1		1	0.916666667	Artifact
A00058621	NKI	BAS1	-29	1	1	1	1	1	1	Pass
A00058644	NKI	BAS1	-76	1	1				1	Pass
A00058667	NKI	BAS1	-68	1	1				1	Pass
A00058685	NKI	BAS1	-38			1	1	1	1	Pass
A00058685	NKI	FLU2	-42	1	1				1	Pass
A00058951	NKI	BAS1	-96	1	1	1	1	1	1	Pass
A00058952	NKI	BAS1	-54			1	1	1	1	Pass
A00058952	NKI	BAS2	-44			1	1	1	1	Pass
A00058952	NKI	FLU1	-52		1	1		1	1	Pass
A00058998	NKI	BAS1	-48	1	1	1	1	0.75	0.95	Artifact
A00058999	NKI	BAS1	-32	1	1	1			1	Pass
A00059074	NKI	BAS1	-37	1	1	1	1	1	1	Pass
A00059107	NKI	BAS1	-99		1	1		1	1	Pass
A00059109	NKI	BAS1	-152			1	0.5	1	0.833333333	Artifact
A00059325	NKI	BAS1	-79		1	1		1	1	Pass
A00059325	NKI	FLU1	-66			1	1	1	1	Pass
A00059325	NKI	TRT	-76	1			1		1	Pass
A00059326	NKI	BAS1	-69	1	1				1	Pass
A00059326	NKI	FLU1	-61	1	1				1	Pass
A00059326	NKI	FLU2	-41	1	1	1	1	1	1	Pass
A00059327	NKI	BAS1	-80	1	1	1	1	1	1	Pass
A00059327	NKI	FLU1	-53	1	1	1	1	1	1	Pass
A00059327	NKI	FLU2	-50			1	1	1	1	Pass
A00059327	NKI	TRT	-91	1	1				1	Pass
A00059344	NKI	BAS1	-55	0.75	1				0.875	Artifact
A00059344	NKI	BAS2	-165	0	0.25				0.125	Artifact
A00059344	NKI	FLU1	-323	0.25	0.25	0.5			0.333333333	Artifact
A00059344	NKI	FLU2	-115	0.75			1		0.875	Artifact
A00059346	NKI	BAS1	-45			1	1	1	1	Pass
A00059361	NKI	BAS1	-78	1	1				1	Pass
A00059361	NKI	BAS2	-70	1	1				1	Pass
A00059361	NKI	FLU1	-61		1	1		1	1	Pass
A00059361	NKI	FLU2	-86	1	1	1			1	Pass
A00059361	NKI	FLU3	-63	1	0.875	1	1	1	0.975	Artifact
A00059427	NKI	BAS1	-173	0.75	0.25	1	0.5	1	0.7	Artifact
A00059428	NKI	BAS1	-30	1	1	1	1	1	1	Pass
A00059527	NKI	BAS1	-30	1	1				1	Pass
A00059662	NKI	BAS1	-51		1	1		0.75	0.916666667	Artifact
A00059663	NKI	BAS1	-94	1	1	1	1	1	1	Pass
A00059664	NKI	BAS1	-59	1			1		1	Pass
A00059733	NKI	FLU1	-134	1	0.5				0.75	Artifact
A00059734	NKI	BAS1	-471	0.5			0.5		0.5	Artifact
A00059756	NKI	BAS1	-61	1	1				1	Pass
A00059845	NKI	BAS1	-84	1			1		1	Pass
A00059865	NKI	BAS1	-85	1	1	1	1	1	1	Pass
A00059865	NKI	FLU1	-54			1	1	1	1	Pass
A00059865	NKI	FLU2	-310	0	0	0	0	0	0	Fail
A00059865	NKI	TRT	-88	1	1				1	Pass
A00059875	NKI	BAS1	-394	0	0				0	Fail
A00059911	NKI	BAS1	-28			1	1	1	1	Pass
A00059935	NKI	BAS1	-30	1			1		1	Pass
A00059990	NKI	BAS1	-105	1	1	1	1	1	1	Pass
A00060005	NKI	BAS1	-49		1	1		1	1	Pass
A00060006	NKI	BAS1	-63		1	1		1	1	Pass
A00060093	NKI	BAS1	-33	1			1		1	Pass
A00060099	NKI	BAS1	-126	1	1				1	Pass
A00060099	NKI	FLU1	-114		1	1		1	1	Pass
A00060099	NKI	FLU2	-120			1	1	0.75	0.916666667	Artifact
A00060099	NKI	TRT	-189			1	0.75	0.5	0.75	Artifact
A00060100	NKI	BAS1	-115		0.75	1		1	0.916666667	Artifact
A00060100	NKI	FLU1	-84	1	1				1	Pass
A00060100	NKI	FLU2	-80	1	1				1	Pass
A00060100	NKI	TRT	-56	1	1	1	1	1	1	Pass
A00060169	NKI	BAS1	-42			1	1	1	1	Pass
A00060170	NKI	BAS1	-80	1			1		1	Pass
A00060184	NKI	BAS1	-120	1			1		1	Pass
A00060185	NKI	BAS1	-95	1	1	1	1	0.75	0.95	Artifact
A00060252	NKI	BAS1	-49			1	1	1	1	Pass
A00060259	NKI	BAS1	-59	1			1		1	Pass
A00060264	NKI	BAS1	-48		1	1		1	1	Pass
A00060264	NKI	BAS2	-59	1	1	1			1	Pass
A00060279	NKI	BAS1	-38		1	1		1	1	Pass
A00060280	NKI	BAS1	-55			1	1	1	1	Pass
A00060280	NKI	FLU1	-69	1			1		1	Pass
A00060280	NKI	FLU2	-61		1	1		1	1	Pass
A00060280	NKI	TRT	-73		1	1		1	1	Pass
A00060301	NKI	BAS1	-300	0.5	0.25	0.75	0.25	0.25	0.4	Artifact
A00060302	NKI	BAS1	-36			1	1	1	1	Pass
A00060306	NKI	BAS1	-163	1			1		1	Pass
A00060372	NKI	BAS1	-65		1	1		1	1	Pass
A00060383	NKI	BAS1	-54	1	1				1	Pass
A00060384	NKI	BAS1	-97		0.75	1		1	0.916666667	Artifact
A00060384	NKI	FLU1	-62		1	1		1	1	Pass
A00060384	NKI	FLU2	-254	0	0				0	Fail
A00060384	NKI	TRT	-593			0	0	0	0	Fail
A00060407	NKI	BAS1	-31		1	1		1	1	Pass
A00060429	NKI	BAS1	-191			0.75	0.5	0.25	0.5	Artifact
A00060429	NKI	FLU1	-73		1	1		1	1	Pass
A00060429	NKI	FLU2	-212	0.5	0.25	0.25			0.333333333	Artifact
A00060429	NKI	TRT	-76			1	0.75	1	0.916666667	Artifact
A00060430	NKI	BAS1	-27		1	1		1	1	Pass
A00060431	NKI	BAS1	-61	1			1		1	Pass
A00060471	NKI	BAS1	-43			1	1	1	1	Pass
A00060472	NKI	BAS1	-31			1	1	1	1	Pass
A00060472	NKI	FLU1	-41	1	1				1	Pass
A00060472	NKI	TRT	-61	1			1		1	Pass
A00060480	NKI	BAS1	-41	1			1		1	Pass
A00060493	NKI	BAS1	-226	0.5	0	0.75	0.5	1	0.55	Artifact
A00060493	NKI	FLU1	-83	1	0.75	0.75	0.75	1	0.85	Artifact
A00060493	NKI	FLU2	-114	1	0	1	0.25	1	0.65	Artifact
A00060493	NKI	TRT	-116	1			1		1	Pass
A00060503	NKI	BAS1	-144	1			1		1	Pass
A00060503	NKI	FLU1	-137	1			1		1	Pass
A00060503	NKI	FLU2	-88	1			1		1	Pass
A00060516	NKI	BAS1	-62			1	1	1	1	Pass
A00060574	NKI	BAS1	-121		1	1		1	1	Pass
A00060575	NKI	BAS1	-46			1	1	1	1	Pass
A00060575	NKI	BAS2	-77	1	0.75	1			0.916666667	Artifact
A00060575	NKI	FLU1	-63	0.75	0.5				0.625	Artifact
A00060575	NKI	FLU2	-64	1	1	1			1	Pass
A00060576	NKI	BAS1	-62	1	1	1	1	1	1	Pass
A00060581	NKI	BAS1	-39	1	1				1	Pass
A00060582	NKI	BAS1	-36	1	1	1	1	1	1	Pass
A00060602	NKI	BAS1	-117	1	1	1	1	0.75	0.95	Artifact
A00060602	NKI	BAS2	-125	1	1				1	Pass
A00060602	NKI	FLU1	-152	1			1		1	Pass
A00060602	NKI	FLU2	-148		0.75	1		0.75	0.833333333	Artifact
A00060603	NKI	BAS1	-84		0.25	1		1	0.75	Artifact
A00060603	NKI	FLU1	-81			1	1	1	1	Pass
A00060603	NKI	FLU2	-86			1	1	1	1	Pass
A00060603	NKI	TRT	-75	1	1	1	1	1	1	Pass
A00060628	NKI	BAS1	-101		1	1		1	1	Pass
A00060629	NKI	BAS1	-38			1	1	1	1	Pass
A00060630	NKI	BAS1	-44	1	1				1	Pass
A00060632	NKI	BAS1	-29		1	1		1	1	Pass
A00060662	NKI	BAS1	-120		1	1		1	1	Pass
A00060664	NKI	BAS1	-117	1	1				1	Pass
A00060664	NKI	FLU1	-68		1	1		1	1	Pass
A00060664	NKI	FLU2	-81		1	1		1	1	Pass
A00060664	NKI	TRT	-83			1	1	1	1	Pass
A00060773	NKI	BAS1	-57			1	1	1	1	Pass
A00060806	NKI	BAS1	-39	1			1		1	Pass
A00060806	NKI	TRT	-67	1	1	1	1	1	1	Pass
A00060846	NKI	BAS1	-94	1	1				1	Pass
A00060846	NKI	FLU1	-66		1	1		1	1	Pass
A00060846	NKI	FLU2	-58		1	1		1	1	Pass
A00060846	NKI	TRT	-55	1	1	1	1	1	1	Pass
A00060848	NKI	BAS1	-69			0.5	1	0.5	0.666666667	Artifact
A00060923	NKI	BAS1	-75			1	1	1	1	Pass
A00060925	NKI	BAS1	-37	1			1		1	Pass
A00061001	NKI	BAS1	-53	1			1		1	Pass
A00061021	NKI	BAS1	-69		0.75	1		1	0.916666667	Artifact
A00061203	NKI	BAS1	-56	1			1		1	Pass
A00061204	NKI	BAS1	-64	1			1		1	Pass
A00061210	NKI	BAS1	-38		1	1		1	1	Pass
A00061263	NKI	BAS1	-35	1			1		1	Pass
A00061274	NKI	BAS1	-27	1	1	1	1	1	1	Pass
A00061275	NKI	BAS1	-44	1			1		1	Pass
A00061276	NKI	BAS1	-43	1	1				1	Pass
A00061281	NKI	BAS1	-84	1	1				1	Pass
A00061284	NKI	BAS1	-76	1	1				1	Pass
A00061298	NKI	BAS1	-68	1	1	1	1	1	1	Pass
A00061298	NKI	FLU2	-61		1	1		1	1	Pass
A00061298	NKI	TRT	-58	1	1	1	1	1	1	Pass
A00061387	NKI	BAS1	-69		1	1		1	1	Pass
A00061413	NKI	FLU1	-55		1	1		1	1	Pass
A00061413	NKI	FLU2	-51	1			1		1	Pass
A00061413	NKI	TRT	-50	1	1				1	Pass
A00061415	NKI	BAS1	-94		0.5	1		1	0.833333333	Artifact
A00061415	NKI	FLU1	-77	1			1		1	Pass
A00061415	NKI	FLU2	-159	1	0	1	0.75	1	0.75	Artifact
A00061415	NKI	TRT	-324			1	0.25	0	0.416666667	Artifact
A00061483	NKI	BAS1	-66	1	1	1			1	Pass
A00061485	NKI	BAS1	-76	1	1	1			1	Pass
A00061597	NKI	BAS1	-45		1	1		1	1	Pass
A00061598	NKI	BAS1	-32	1	1				1	Pass
A00061600	NKI	BAS1	-56	1	1	1	1	1	1	Pass
A00061634	NKI	BAS1	-49	1	1	1	0.75	1	0.95	Artifact
A00061647	NKI	BAS1	-33	1	1	1	1	1	1	Pass
A00061656	NKI	BAS1	-56	1	1	1	1	1	1	Pass
A00061656	NKI	BAS2	-65	1	0.75	1	1	1	0.95	Artifact
A00061656	NKI	FLU1	-100	1	1	1	0.75	1	0.95	Artifact
A00061656	NKI	FLU2	-97			1	1	1	1	Pass
A00061666	NKI	BAS1	-66	1			1		1	Pass
A00061709	NKI	BAS1	-53	1	1				1	Pass
A00061711	NKI	BAS1	-132	1	1				1	Pass
A00061714	NKI	BAS1	-133	1	1				1	Pass
A00061714	NKI	FLU1	-85	1	1	1	1	1	1	Pass
A00061714	NKI	TRT	-81	1	1	1	1	1	1	Pass
A00061715	NKI	BAS1	-76	1			1		1	Pass
A00061715	NKI	FLU1	-68	1	1	1	1	1	1	Pass
A00061715	NKI	TRT	-79	1	1	1	1	1	1	Pass
A00061725	NKI	BAS1	-75	1	1	1	1	1	1	Pass
A00061727	NKI	BAS1	-56			1	1	1	1	Pass
A00061728	NKI	BAS1	-45	1			1		1	Pass
A00061730	NKI	BAS1	-62			1	1	1	1	Pass
A00061749	NKI	BAS1	-64	1	1	1	1	1	1	Pass
A00061749	NKI	FLU1	-51	1			1		1	Pass
A00061749	NKI	FLU2	-41		1	1		1	1	Pass
A00061749	NKI	TRT	-76			1	1	1	1	Pass
A00061767	NKI	BAS1	-146	1	1	1	1	1	1	Pass
A00061787	NKI	BAS1	-33	1	1				1	Pass
A00061790	NKI	BAS1	-53	1	0.75				0.875	Artifact
A00061806	NKI	BAS1	-38	1	1				1	Pass
A00061881	NKI	BAS1	-35	1	1	1	1	1	1	Pass
A00061882	NKI	BAS1	-27	1	1	1	1	1	1	Pass
A00061883	NKI	BAS1	-49	1			1		1	Pass
A00061883	NKI	FLU1	-33	1			1		1	Pass
A00061883	NKI	FLU2	-26	1	1	1	1	1	1	Pass
A00061883	NKI	TRT	-41	1	1	1	1	1	1	Pass
A00061923	NKI	BAS1	-23			1	1	1	1	Pass
A00061962	NKI	BAS1	-79	1			1		1	Pass
A00061962	NKI	BAS2	-60	1			1		1	Pass
A00061962	NKI	FLU1	-57	1	1	1	1	1	1	Pass
A00062009	NKI	BAS1	-479	0	0				0	Fail
A00062009	NKI	TRT	-81			1	1	1	1	Pass
A00062081	NKI	BAS1	-84		1	1		1	1	Pass
A00062081	NKI	FLU1	-75	1	1				1	Pass
A00062081	NKI	FLU2	-68			1	1	1	1	Pass
A00062081	NKI	TRT	-77		1	1		1	1	Pass
A00062085	NKI	BAS1	-200	1			1		1	Pass
A00062085	NKI	FLU1	-123			1	1	1	1	Pass
A00062085	NKI	FLU2	-117	1			1		1	Pass
A00062144	NKI	BAS1	-47		1	1		1	1	Pass
A00062144	NKI	TRT	-43			1	1	1	1	Pass
A00062146	NKI	BAS1	-64	1	1	1	1	1	1	Pass
A00062146	NKI	TRT	-65			1	1	1	1	Pass
A00062210	NKI	BAS1	-54	1	1	1	1	1	1	Pass
A00062210	NKI	BAS2	-37	1	1				1	Pass
A00062210	NKI	FLU1	-41	1	1	1	1	1	1	Pass
A00062210	NKI	FLU2	-37		1	1		1	1	Pass
A00062248	NKI	BAS1	-36		1	1		1	1	Pass
A00062255	NKI	BAS1	-61	1	1	1	1	1	1	Pass
A00062266	NKI	BAS1	-28	1	1	1	1	1	1	Pass
A00062268	NKI	BAS1	-77	1			1		1	Pass
A00062282	NKI	BAS1	-72	1	1	1	1	1	1	Pass
A00062282	NKI	BAS2	-121	1	1				1	Pass
A00062282	NKI	FLU1	-66	1	1	1	1	1	1	Pass
A00062285	NKI	BAS1	-53			1	1	1	1	Pass
A00062285	NKI	BAS2	-55	1	1	1	1	1	1	Pass
A00062285	NKI	FLU1	-56			1	1	1	1	Pass
A00062285	NKI	FLU2	-89			1	0.75	1	0.916666667	Artifact
A00062288	NKI	BAS1	-36		1	1		1	1	Pass
A00062292	NKI	BAS1	-27	1	1	1	1	0.75	0.95	Artifact
A00062349	NKI	FLU2	-221	1			1		1	Pass
A00062349	NKI	TRT	-181	1	1				1	Pass
A00062351	NKI	BAS1	-57			1	1	1	1	Pass
A00062353	NKI	TRT	-86	1			1		1	Pass
A00062361	NKI	BAS1	-77			1	1	1	1	Pass
A00062361	NKI	FLU1	-529	0			0.75		0.375	Artifact
A00062361	NKI	TRT	-131			1	1	1	1	Pass
A00062368	NKI	BAS1	-27	1	1	1			1	Pass
A00062369	NKI	BAS1	-52		1	1		1	1	Pass
A00062369	NKI	FLU1	-70	1			1		1	Pass
A00062369	NKI	TRT	-51	1			1		1	Pass
A00062411	NKI	BAS1	-37	1	1				1	Pass
A00062416	NKI	BAS1	-93	1			0.75		0.875	Artifact
A00062797	NKI	BAS1	-235			0.75	0.5	0	0.416666667	Artifact
A00062797	NKI	FLU2	-48	1	1	1	1	1	1	Pass
A00062797	NKI	TRT	-85	0.75	0.5	1	1	1	0.85	Artifact
A00062809	NKI	BAS1	-39	1	1	1	1	1	1	Pass
A00062809	NKI	FLU1	-27			1	1	1	1	Pass
A00062809	NKI	TRT	-28		1	1		1	1	Pass
A00062917	NKI	BAS1	-36	1	1				1	Pass
A00062923	NKI	BAS1	-121			1	1	1	1	Pass
A00062926	NKI	BAS1	-29	1			1		1	Pass
A00062928	NKI	BAS1	-80	1			1		1	Pass
A00062929	NKI	BAS1	-33	1			1		1	Pass
A00062934	NKI	BAS1	-56	1			1		1	Pass
A00062937	NKI	BAS1	-90			1	1	1	1	Pass
A00062937	NKI	BAS2	-130	1	0.75				0.875	Artifact
A00062937	NKI	FLU1	-125	0.75	1				0.875	Artifact
A00062937	NKI	FLU2	-130			1	1	0.75	0.916666667	Artifact
A00062942	NKI	BAS1	-30			1	1	1	1	Pass
A00062982	NKI	BAS1	-35		1	1		1	1	Pass
A00062983	NKI	BAS1	-56		1	1		1	1	Pass
A00062983	NKI	FLU1	-66	1	1				1	Pass
A00062983	NKI	FLU2	-64	1	1				1	Pass
A00062983	NKI	TRT	-82	1			1		1	Pass
A00062989	NKI	BAS1	-52	1			1		1	Pass
A00062989	NKI	FLU2	-71	1	1				1	Pass
A00062989	NKI	TRT	-80	1			1		1	Pass
A00062996	NKI	BAS1	-53		1	1		1	1	Pass
A00062996	NKI	TRT	-55			1	1	1	1	Pass
A00062997	NKI	TRT	-299	0	0				0	Fail
A00063000	NKI	BAS1	-122			0.75	0.75	0.25	0.583333333	Artifact
A00063003	NKI	BAS1	-97		1	1		1	1	Pass
A00063003	NKI	FLU1	-116	1	1				1	Pass
A00063003	NKI	TRT	-102	1			1		1	Pass
A00063006	NKI	BAS1	-87	1			1		1	Pass
A00063006	NKI	FLU1	-91		1	1		1	1	Pass
A00063006	NKI	TRT	-97	1			1		1	Pass
A00063008	NKI	BAS1	-75			1	1	0.75	0.916666667	Artifact
A00063031	NKI	BAS1	-42	1	1	1	1	1	1	Pass
A00063103	NKI	BAS1	-42		1	1		1	1	Pass
A00063110	NKI	BAS1	-192	1	0.75				0.875	Artifact
A00063110	NKI	BAS2	-168		1	1		1	1	Pass
A00063110	NKI	FLU1	-180	1			1		1	Pass
A00063326	NKI	BAS1	-55	1	1				1	Pass
A00063327	NKI	BAS1	-335	0	0				0	Fail
A00063327	NKI	FLU1	-212	0.5			0.5		0.5	Artifact
A00063327	NKI	FLU2	-183	0.25	0				0.125	Artifact
A00063327	NKI	TRT	-137			1	1	0.75	0.916666667	Artifact
A00063329	NKI	BAS1	-227		0.5	1		0.5	0.666666667	Artifact
A00063329	NKI	FLU1	-83			1	1	1	1	Pass
A00063329	NKI	FLU2	-562	0	0	0	0	0	0	Fail
A00063368	NKI	BAS1	-110	0.5	0	0.5	0.5	0	0.3	Artifact
A00063383	NKI	BAS1	-72		1	1		1	1	Pass
A00063383	NKI	FLU2	-62		1	1		1	1	Pass
A00063383	NKI	TRT	-78		1	1		1	1	Pass
A00063424	NKI	BAS1	-25	1	1	1			1	Pass
A00063424	NKI	BAS2	-23	1	0.75	1	1	1	0.95	Artifact
A00063424	NKI	FLU1	-29	1	1	1	1	1	1	Pass
A00063425	NKI	BAS1	-340		0	0.25		0.75	0.333333333	Artifact
A00063450	NKI	BAS1	-43			1	1	1	1	Pass
A00063455	NKI	BAS1	-146			1	1	1	1	Pass
A00063458	NKI	BAS1	-87		1	1		1	1	Pass
A00063470	NKI	BAS1	-124	1			1		1	Pass
A00063473	NKI	BAS1	-29	1			1		1	Pass
A00063479	NKI	BAS1	-50			1	1	0.75	0.916666667	Artifact
A00063481	NKI	BAS1	-54	1	0.75				0.875	Artifact
A00063589	NKI	BAS1	-51	1	1	1	1	1	1	Pass
A00064053	NKI	BAS1	-71	1	1	1	1	1	1	Pass
A00064058	NKI	BAS1	-80			1	1	1	1	Pass
A00064058	NKI	FLU2	-62	1	1	1	1	1	1	Pass
A00064058	NKI	FLU3	-88	1	1	1	1	1	1	Pass
A00064061	NKI	BAS1	-116			1	1	1	1	Pass
A00064081	NKI	BAS1	-50			1	1	1	1	Pass
A00064081	NKI	FLU1	-55	1			1		1	Pass
A00064081	NKI	FLU2	-53	1	1	1	1	1	1	Pass
A00064323	NKI	BAS1	-87	0.75	0.25				0.5	Artifact
A00064328	NKI	FLU1	-60		1	1		1	1	Pass
A00064415	NKI	BAS1	-46	1	1				1	Pass
A00064416	NKI	BAS1	-62	1			1		1	Pass
A00064418	NKI	FLU2	-90	1			1		1	Pass
A00064503	NKI	BAS1	-130	1	1	1	1	1	1	Pass
A00064503	NKI	FLU1	-107	1	1	1	1	1	1	Pass
A00064503	NKI	FLU2	-94		0.75	1		1	0.916666667	Artifact
A00064503	NKI	TRT	-70	1			1		1	Pass
A00064505	NKI	BAS1	-105	1	1	1	1	1	1	Pass
A00064505	NKI	FLU1	-86	1	1				1	Pass
A00064505	NKI	TRT	-84	1	1	1	1	1	1	Pass
A00064507	NKI	BAS1	-407			0.5	0.5	0.25	0.416666667	Artifact
A00064507	NKI	FLU1	-315			1	0.25	0	0.416666667	Artifact
A00064507	NKI	FLU2	-164			1	1	1	1	Pass
A00064507	NKI	TRT	-164	1			1		1	Pass
A00064580	NKI	BAS1	-125			1	1	0.5	0.833333333	Artifact
A00064596	NKI	BAS1	-134	1	0.75	1	1	0.75	0.9	Artifact
A00064596	NKI	FLU1	-53			1	1	1	1	Pass
A00064596	NKI	FLU2	-93			1	1	0.75	0.916666667	Artifact
A00064596	NKI	TRT	-90	1	1	1	1	1	1	Pass
A00064597	NKI	FLU1	-148	1			1		1	Pass
A00065178	NKI	BAS1	-225	0.5			0.75		0.625	Artifact
A00065178	NKI	FLU1	-134	1			1		1	Pass
A00065178	NKI	FLU2	-245	0.25	0	0.25	0.5	0	0.2	Artifact
A00065178	NKI	TRT	-87	1			1		1	Pass
A00065185	NKI	BAS1	-126		1	1		1	1	Pass
A00065185	NKI	FLU2	-100	1	1				1	Pass
A00065197	NKI	BAS1	-50			1	1	1	1	Pass
A00065250	NKI	BAS1	-178		1	1		1	1	Pass
A00065250	NKI	FLU1	-58	1			1		1	Pass
A00065250	NKI	FLU2	-73	1	1				1	Pass
A00065250	NKI	TRT	-317	0	0.25				0.125	Artifact
A00065261	NKI	BAS1	-118			1	1	1	1	Pass
A00065261	NKI	FLU1	-146		1	1		1	1	Pass
A00065262	NKI	BAS1	-638		0	0.25		0	0.083333333	Artifact
A00065263	NKI	BAS1	-67			1	1	1	1	Pass
A00065302	NKI	BAS1	-79	1			1		1	Pass
A00065302	NKI	FLU1	-89		1	1		1	1	Pass
A00065302	NKI	FLU2	-123		0.75	1		0.75	0.833333333	Artifact
A00065302	NKI	FLU3	-168	1	0.875	1	1	1	0.975	Artifact
A00065379	NKI	BAS1	-110			1	1	1	1	Pass
A00065478	NKI	BAS1	-136	1			0.75		0.875	Artifact
A00065478	NKI	FLU1	-104			1	1	1	1	Pass
A00065478	NKI	FLU2	-191		0	0.75		0.5	0.416666667	Artifact
A00065480	NKI	BAS1	-71	1	1	1	1	1	1	Pass
A00065480	NKI	FLU1	-76	1			1		1	Pass
A00065480	NKI	FLU2	-79	0.75	0.75				0.75	Artifact
A00065487	NKI	BAS1	-32		1	1		1	1	Pass
A00065487	NKI	BAS2	-47	1			1		1	Pass
A00065487	NKI	FLU1	-63	1	1				1	Pass
A00065487	NKI	FLU2	-45			1	1	1	1	Pass
A00065565	NKI	BAS1	-58		1	1		1	1	Pass
A00065572	NKI	BAS1	-74		1	1		0.75	0.916666667	Artifact
A00065572	NKI	FLU1	-65	1	1				1	Pass
A00065572	NKI	FLU2	-126	0.5	0.75	0.75	0.75	0.5	0.65	Artifact
A00065572	NKI	FLU3	-105	1	1	1	1	0.5	0.9	Artifact
A00065574	NKI	BAS1	-57		1	1		1	1	Pass
A00065617	NKI	BAS1	-100		1	1		1	1	Pass
A00065717	NKI	BAS1	-41	1	1	1	1	1	1	Pass
A00065722	NKI	BAS1	-32			1	1	1	1	Pass
A00065743	NKI	BAS1	-77	1			1		1	Pass
A00065743	NKI	FLU1	-62	1	1				1	Pass
A00065743	NKI	FLU3	-55	1	0.875	0.75	1	0.75	0.875	Artifact
A00065749	NKI	BAS1	-43		1	1		1	1	Pass
A00065750	NKI	BAS1	-245		0.25	0.75		0.5	0.5	Artifact
A00065790	NKI	BAS1	-32	1			1		1	Pass
A00065792	NKI	BAS1	-64	1			1		1	Pass
A00065792	NKI	FLU1	-39	1	1	1	1	1	1	Pass
A00065792	NKI	TRT	-61	1			1		1	Pass
A00065802	NKI	BAS1	-103	1			1		1	Pass
A00065802	NKI	FLU1	-86	1	1	1	1	1	1	Pass
A00065802	NKI	FLU2	-89			1	1	1	1	Pass
A00065802	NKI	TRT	-86	1	1	1			1	Pass
A00065820	NKI	BAS1	-111			1	1	0.5	0.833333333	Artifact
A00065865	NKI	BAS1	-134			1	1	0.75	0.916666667	Artifact
A00065873	NKI	BAS1	-38	1	1				1	Pass
A00065934	NKI	BAS1	-79	1	1				1	Pass
A00065935	NKI	BAS1	-152	0.5	0.25	1	0.5	0.25	0.5	Artifact
A00065935	NKI	FLU1	-147		0.25	0.75		0.5	0.5	Artifact
A00065935	NKI	FLU2	-59	0.25	0.5				0.375	Artifact
A00065935	NKI	FLU3	-38	1	0.875	1	1	1	0.975	Artifact
A00065941	NKI	BAS1	-71			1	1	1	1	Pass
A00065941	NKI	FLU1	-67	1	1				1	Pass
A00065941	NKI	FLU2	-375	0	0	0.5	0	0.25	0.15	Artifact
A00065962	NKI	BAS1	-31	1	1	1	1	1	1	Pass
A00065962	NKI	FLU2	-24	1	1				1	Pass
A00065962	NKI	FLU3	-33	1	0.75	1	1	1	0.95	Artifact
A00065974	NKI	BAS1	-49		1	1		1	1	Pass
A00065974	NKI	FLU1	-154			1	0.75	0.5	0.75	Artifact
A00065974	NKI	FLU2	-53	1	1				1	Pass
A00065975	NKI	BAS1	-42	1			1		1	Pass
A00065975	NKI	FLU1	-32			1	1	1	1	Pass
A00065975	NKI	FLU2	-30	1	1	1	1	1	1	Pass
A00065975	NKI	TRT	-36	1			1		1	Pass
A00065978	NKI	BAS1	-73	1			1		1	Pass
A00065978	NKI	FLU1	-67	1	1	1	1	1	1	Pass
A00065978	NKI	FLU2	-115	1	1	1	1	1	1	Pass
A00065991	NKI	BAS1	-27	1			1		1	Pass
A00065991	NKI	FLU1	-34	1	1				1	Pass
A00065991	NKI	FLU2	-76		0.75	1		0.75	0.833333333	Artifact
A00065992	NKI	FLU1	-111	1	1	1	1	1	1	Pass
A00065992	NKI	FLU2	-93			1	1	1	1	Pass
A00065992	NKI	TRT	-117			1	1	1	1	Pass
A00065995	NKI	BAS1	-117		1	1		1	1	Pass
A00065995	NKI	FLU1	-81			1	0.75	1	0.916666667	Artifact
A00065995	NKI	FLU2	-86	1	1	1	1	1	1	Pass
A00065995	NKI	FLU3	-89	1	0.75	1	1	1	0.95	Artifact
A00066013	NKI	BAS1	-24			1	1	1	1	Pass
A00066013	NKI	FLU1	-21		1	1		1	1	Pass
A00066013	NKI	FLU2	-37		1	1		1	1	Pass
A00066013	NKI	FLU3	-28	1	1	1	1	1	1	Pass
A00066087	NKI	BAS1	-63		0.75	1		0.5	0.75	Artifact
A00066091	NKI	BAS1	-86		1	1		1	1	Pass
A00066130	NKI	BAS1	-100			1	1	1	1	Pass
A00066132	NKI	BAS1	-70	1	1	1	1	1	1	Pass
A00066132	NKI	FLU1	-45	1			1		1	Pass
A00066153	NKI	BAS1	-75	1			1		1	Pass
A00066154	NKI	BAS1	-41	1			1		1	Pass
A00066154	NKI	FLU1	-87			0.75	0.75	0.25	0.583333333	Artifact
A00066154	NKI	FLU2	-50		1	1		1	1	Pass
A00066162	NKI	BAS1	-52	1	1	1			1	Pass
A00066232	NKI	BAS1	-76		1	1		1	1	Pass
A00066236	NKI	BAS1	-97			1	1	1	1	Pass
A00066237	NKI	BAS1	-49	1	1	1	1	1	1	Pass
A00066237	NKI	FLU1	-41		1	1		1	1	Pass
A00066237	NKI	FLU2	-112			1	1	0.5	0.833333333	Artifact
A00066245	NKI	BAS1	-44		1	1		1	1	Pass
A00066245	NKI	FLU1	-40	1	1				1	Pass
A00066245	NKI	FLU2	-69	1	1	1	1	0.5	0.9	Artifact
A00066246	NKI	BAS1	-70			1	1	1	1	Pass
A00066248	NKI	FLU1	-360		0.25	0.5		0.25	0.333333333	Artifact
A00066248	NKI	FLU2	-462	0	0	0			0	Fail
A00066282	NKI	BAS1	-70	1	1				1	Pass
A00066302	NKI	BAS1	-50	1	1				1	Pass
A00066302	NKI	FLU2	-52		1	1		1	1	Pass
A00066314	NKI	BAS1	-56	1	1				1	Pass
A00066314	NKI	FLU1	-45	1	1	1	1	1	1	Pass
A00066314	NKI	TRT	-75	1			1		1	Pass
A00066319	NKI	BAS1	-61	1	1	1	1	1	1	Pass
A00066389	NKI	BAS1	-81	1			1		1	Pass
A00066389	NKI	FLU1	-83	1			1		1	Pass
A00066389	NKI	FLU2	-73	1	1	1	1	1	1	Pass
A00066396	NKI	BAS1	-106	0.75			0.5		0.625	Artifact
A00066396	NKI	FLU1	-69	1	1				1	Pass
A00066396	NKI	FLU2	-103			1	1	1	1	Pass
A00066396	NKI	TRT	-126	1			1		1	Pass
A00066419	NKI	BAS1	-50	1			1		1	Pass
A00066460	NKI	BAS1	-69		1	1		1	1	Pass
A00066460	NKI	FLU1	-54	1	1				1	Pass
A00066460	NKI	FLU2	-63		1	1		1	1	Pass
A00066534	NKI	BAS1	-594	0			0		0	Fail
A00066534	NKI	FLU2	-66			1	1	1	1	Pass
A00066534	NKI	TRT	-54	1	1	1	1	1	1	Pass
A00066539	NKI	BAS1	-51	1	1				1	Pass
A00066572	NKI	BAS1	-57	1	1				1	Pass
A00066572	NKI	FLU1	-53			1	1	1	1	Pass
A00066572	NKI	FLU2	-37	1	1				1	Pass
A00066572	NKI	TRT	-45	1	1				1	Pass
A00066573	NKI	BAS1	-134	1	1	1	1	1	1	Pass
A00066573	NKI	FLU1	-143		0.75	1		1	0.916666667	Artifact
A00066573	NKI	TRT	-113		1	1		1	1	Pass
A00066580	NKI	BAS1	-292			0.25	0.75	0	0.333333333	Artifact
A00066580	NKI	TRT	-184	1	0.75	0.75	1	1	0.9	Artifact
A00066581	NKI	BAS1	-95		1	1		1	1	Pass
A00066582	NKI	BAS1	-115			1	1	1	1	Pass
A00066582	NKI	TRT	-76	1	1	1	1	1	1	Pass
A00066584	NKI	BAS1	-68		1	1		1	1	Pass
A00066584	NKI	TRT	-50		1	1		1	1	Pass
A00066589	NKI	BAS1	-75		1	1		1	1	Pass
A00066589	NKI	FLU1	-79	1	1				1	Pass
A00066589	NKI	FLU2	-89			1	1	1	1	Pass
A00066589	NKI	TRT	-85			1	1	1	1	Pass
A00066697	NKI	FLU1	-401		0.25	0		0	0.083333333	Artifact
A00066697	NKI	TRT	-314		0.25	0.25		0.25	0.25	Artifact
A00066698	NKI	BAS1	-155	1	0.25	1	1	1	0.85	Artifact
A00066698	NKI	FLU1	-146	1			1		1	Pass
A00066698	NKI	TRT	-64		1	1		1	1	Pass
A00066735	NKI	BAS1	-63	1	1	1			1	Pass
A00066781	NKI	BAS1	-66	1			1		1	Pass
A00066782	NKI	BAS1	-283	0.25	0.75	0.25			0.416666667	Artifact
A00066782	NKI	FLU1	-141	0	0.5	1	0.75	0.5	0.55	Artifact
A00066784	NKI	BAS1	-183			1	1	1	1	Pass
A00066784	NKI	FLU1	-141	1	1				1	Pass
A00066788	NKI	BAS1	-360	0	0	0	0	0	0	Fail
A00066800	NKI	BAS1	-58		1	1		1	1	Pass
A00066812	NKI	BAS1	-87		1	1		1	1	Pass
A00066820	NKI	BAS1	-73		1	1		1	1	Pass
A00066822	NKI	BAS1	-40			1	1	1	1	Pass
A00066827	NKI	BAS1	-33		1	1		1	1	Pass
A00066831	NKI	BAS1	-129		1	1		0.75	0.916666667	Artifact
A00066860	NKI	BAS1	-62			1	1	1	1	Pass
A00066860	NKI	FLU1	-461	0	0	0	0	0	0	Fail
A00066860	NKI	FLU2	-93	1	1	1	1	1	1	Pass
A00066860	NKI	TRT	-173		1	1		1	1	Pass
A00066864	NKI	BAS1	-36	1			1		1	Pass
A00066864	NKI	FLU1	-52	1			1		1	Pass
A00066865	NKI	BAS1	-41	1	1				1	Pass
A00066871	NKI	BAS1	-49	1			1		1	Pass
A00066926	NKI	BAS1	-50			1	1	1	1	Pass
A00067062	NKI	BAS1	-62		1	1		1	1	Pass
A00067062	NKI	FLU1	-48	1			1		1	Pass
A00067146	NKI	BAS1	-79			1	1	1	1	Pass
A00067146	NKI	TRT	-130		0.5	1		1	0.833333333	Artifact
A00067174	NKI	BAS1	-93	1			1		1	Pass
A00067174	NKI	FLU1	-142	0.75	1				0.875	Artifact
A00067174	NKI	FLU2	-113	1	1	1	1	1	1	Pass
A00072203	NKI	BAS1	-38	1			1		1	Pass
A00073230	NKI	BAS1	-46	1	1	1	1	1	1	Pass
A00073230	NKI	FLU1	-58	1			1		1	Pass
A00073230	NKI	FLU2	-54	1			1		1	Pass
A00073283	NKI	BAS1	-53			1	1	1	1	Pass
A00073296	NKI	BAS1	-115		1	1		1	1	Pass
A00073303	NKI	BAS1	-70	1	1	1	1	1	1	Pass
A00073303	NKI	FLU1	-61			1	1	1	1	Pass
A00073303	NKI	TRT	-71			1	1	1	1	Pass
A00073308	NKI	BAS1	-49	1	1				1	Pass
A00073525	NKI	BAS1	-36	1	0.75				0.875	Artifact
A00073525	NKI	FLU1	-40	1	1	1	1	1	1	Pass
A00073525	NKI	FLU2	-68			1	1	1	1	Pass
A00073529	NKI	BAS1	-71		1	1		1	1	Pass
A00073539	NKI	BAS1	-29			1	1	1	1	Pass
A00073539	NKI	FLU1	-22	1	1	1	1	1	1	Pass
A00073539	NKI	FLU2	-32			1	1	0.75	0.916666667	Artifact
A00073545	NKI	BAS1	-173	1	0	0.5			0.5	Artifact
A00073545	NKI	FLU1	-221	0	0	0	0	0	0	Fail
A00073545	NKI	FLU2	-68			1	1	1	1	Pass
A00073545	NKI	TRT	-326	0	0				0	Fail
A00073600	NKI	BAS1	-49			1	1	1	1	Pass
A00073611	NKI	BAS1	-83		1	1		1	1	Pass
A00073677	NKI	BAS1	-34			1	1	1	1	Pass
A00073677	NKI	FLU1	-32	1	1	1			1	Pass
A00073677	NKI	FLU2	-41		1	1		0.5	0.833333333	Artifact
A00073705	NKI	BAS1	-86		1	1		1	1	Pass
A00073940	NKI	BAS1	-24	1	1	1	1	1	1	Pass
A00073940	NKI	FLU1	-33	1	1				1	Pass
A00073942	NKI	BAS1	-89	0.75	0.75	1	0.5	0.75	0.75	Artifact
A00073942	NKI	FLU1	-62	1	1				1	Pass
A00073942	NKI	FLU2	-78	1	1				1	Pass
A00073953	NKI	BAS1	-36	1	1	1	1	1	1	Pass
A00073953	NKI	FLU1	-47			1	1	0.5	0.833333333	Artifact
A00073953	NKI	FLU2	-48	1			1		1	Pass
A00073975	NKI	BAS1	-41	1			1		1	Pass
A00074000	NKI	BAS1	-73		0.75	1		1	0.916666667	Artifact
A00074034	NKI	BAS1	-77			1	1	1	1	Pass
A00074034	NKI	FLU1	-115	1			1		1	Pass
A00074034	NKI	FLU2	-87	1	1				1	Pass
A00074034	NKI	TRT	-72			1	1	1	1	Pass
A00074047	NKI	BAS1	-92			1	0.75	0.5	0.75	Artifact
A00074095	NKI	BAS1	-51	0.75	1	1	1	1	0.95	Artifact
A00074113	NKI	BAS1	-64	1	1	1	1	1	1	Pass
A00074113	NKI	FLU1	-57	1			1		1	Pass
A00074113	NKI	FLU2	-44	1			1		1	Pass
A00074114	NKI	BAS1	-60	1	1	1			1	Pass
A00074114	NKI	FLU1	-55	1	1	1			1	Pass
A00074114	NKI	FLU2	-67	1			1		1	Pass
A00074425	NKI	BAS1	-97	1	1				1	Pass
A00074427	NKI	BAS1	-51			1	1	1	1	Pass
A00074427	NKI	FLU1	-56			1	1	1	1	Pass
A00074427	NKI	FLU2	-71	1	1				1	Pass
A00074427	NKI	TRT	-70	1			1		1	Pass
A00074439	NKI	BAS1	-30		1	1		1	1	Pass
A00074439	NKI	FLU1	-29	1	1				1	Pass
A00074439	NKI	FLU2	-29	1			1		1	Pass
A00074447	NKI	FLU1	-726	0	0				0	Fail
A00074447	NKI	FLU2	-425	0			0		0	Fail
A00074447	NKI	TRT	-70	1	1	1	1	1	1	Pass
A00074482	NKI	BAS1	-463			0	0.25	0	0.083333333	Artifact
A00074607	NKI	BAS1	-108			1	0.25	0.75	0.666666667	Artifact
A00074607	NKI	FLU1	-66			1	1	1	1	Pass
A00074607	NKI	FLU2	-128			1	0.75	0	0.583333333	Artifact
A00074607	NKI	TRT	-48		1	1		1	1	Pass
A00074609	NKI	BAS1	-46		1	1		1	1	Pass
A00074618	NKI	BAS1	-98	1	1				1	Pass
A00074639	NKI	BAS1	-45	1	1				1	Pass
A00074639	NKI	FLU1	-49	1			1		1	Pass
A00074641	NKI	BAS1	-39	1	1	1	1	1	1	Pass
A00074641	NKI	FLU1	-32	1	1				1	Pass
A00074641	NKI	FLU2	-45		1	1		1	1	Pass
A00074652	NKI	BAS1	-81	1			1		1	Pass
A00074657	NKI	BAS1	-31	1	1	1	1	1	1	Pass
A00074657	NKI	FLU1	-32		1	1		1	1	Pass
A00074657	NKI	FLU2	-46			1	1	1	1	Pass
A00074687	NKI	BAS1	-55			1	1	1	1	Pass
A00074688	NKI	BAS1	-71	1	1	1	1	1	1	Pass
A00074688	NKI	TRT	-68			1	1	1	1	Pass
A00074701	NKI	BAS1	-53	1			1		1	Pass
A00074701	NKI	FLU1	-44	1	1				1	Pass
A00074709	NKI	BAS1	-34			1	1	1	1	Pass
A00074709	NKI	FLU1	-42	1	1	1	1	1	1	Pass
A00074711	NKI	BAS1	-104	1	0.75				0.875	Artifact
A00074768	NKI	BAS1	-157	0	0				0	Fail
A00074768	NKI	FLU1	-89	1			1		1	Pass
A00074769	NKI	BAS1	-85			1	1	1	1	Pass
A00074769	NKI	FLU1	-64	1	1				1	Pass
A00074780	NKI	BAS1	-39	1	1	1	1	1	1	Pass
A00074784	NKI	BAS1	-56	1	1	1	1	1	1	Pass
A00074787	NKI	BAS1	-64		1	1		1	1	Pass
A00074787	NKI	FLU1	-53		1	1		1	1	Pass
A00074793	NKI	BAS1	-64			1	1	1	1	Pass
A00074793	NKI	FLU2	-50	1	1				1	Pass
A00074794	NKI	BAS1	-64			1	1	1	1	Pass
A00074794	NKI	FLU1	-51	1			1		1	Pass
A00074794	NKI	FLU2	-60	1	1				1	Pass
A00074795	NKI	BAS1	-54			1	1	1	1	Pass
A00074795	NKI	FLU2	-39	1	1	1			1	Pass
A00074800	NKI	BAS1	-44	1	1	1			1	Pass
A00074800	NKI	FLU1	-55	1	1				1	Pass
A00074800	NKI	FLU2	-35	1			1		1	Pass
A00074802	NKI	BAS1	-71	1			1		1	Pass
A00074808	NKI	BAS1	-27	1			1		1	Pass
A00074808	NKI	FLU1	-36	1			1		1	Pass
A00074808	NKI	FLU2	-44			1	1	0.75	0.916666667	Artifact
A00074836	NKI	BAS1	-70		1	1		1	1	Pass
A00074836	NKI	FLU1	-111	1	1				1	Pass
A00074836	NKI	FLU2	-85	1			1		1	Pass
A00074942	NKI	BAS1	-40		1	1		1	1	Pass
A00074942	NKI	FLU1	-30	1	1	1	1	1	1	Pass
A00074942	NKI	FLU2	-42			1	1	1	1	Pass
A00074952	NKI	BAS1	-93		1	1		1	1	Pass
A00074952	NKI	FLU1	-77	1			1		1	Pass
A00074952	NKI	FLU2	-64	1	1				1	Pass
A00074952	NKI	TRT	-92	1	1				1	Pass
A00074953	NKI	BAS1	-172	1	0.5				0.75	Artifact
A00074953	NKI	TRT	-86	1			1		1	Pass
A00074956	NKI	BAS1	-47		1	1		1	1	Pass
A00074959	NKI	BAS1	-74	1	1	1	0.75	1	0.95	Artifact
A00074959	NKI	FLU1	-87			1	1	1	1	Pass
A00074959	NKI	FLU2	-75	1			1		1	Pass
A00074962	NKI	BAS1	-61			1	1	1	1	Pass
A00074962	NKI	FLU1	-54			1	1	1	1	Pass
A00074962	NKI	FLU2	-77		1	1		1	1	Pass
A00074969	NKI	BAS1	-96	1	1				1	Pass
A00074969	NKI	FLU1	-253			0.5	0.25	0.25	0.333333333	Artifact
A00074969	NKI	FLU2	-73		1	1		1	1	Pass
A00074975	NKI	BAS1	-46	1	1	1	1	1	1	Pass
A00074977	NKI	BAS1	-47			1	1	0.75	0.916666667	Artifact
A00074977	NKI	FLU1	-50		1	1		1	1	Pass
A00074977	NKI	FLU2	-39			1	1	1	1	Pass
A00074985	NKI	BAS1	-43	1	1	1	1	1	1	Pass
A00074985	NKI	FLU1	-39		0.75	1		1	0.916666667	Artifact
A00074985	NKI	FLU2	-41		1	1		1	1	Pass
A00074989	NKI	BAS1	-57		1	1		1	1	Pass
A00074989	NKI	FLU1	-55		1	1		1	1	Pass
A00074989	NKI	FLU2	-59	1	1				1	Pass
A00075150	NKI	BAS1	-381			0	0	0	0	Fail
A00075150	NKI	TRT	-139			1	0.75	0.75	0.833333333	Artifact
A00075151	NKI	BAS1	-55	1	1				1	Pass
A00075151	NKI	TRT	-66		1	1		1	1	Pass
A00075156	NKI	BAS1	-61			1	1	1	1	Pass
A00075193	NKI	BAS1	-37	1	1	1			1	Pass
A00075210	NKI	BAS1	-63	1	1	1	1	0.5	0.9	Artifact
A00075210	NKI	FLU1	-47	1			1		1	Pass
A00075220	NKI	BAS1	-36	1	1	1	1	1	1	Pass
A00075220	NKI	FLU1	-44	1	1	1	1	1	1	Pass
A00075220	NKI	FLU2	-61	1			1		1	Pass
A00075229	NKI	BAS1	-95	1			1		1	Pass
A00075229	NKI	FLU1	-95	0.75	1				0.875	Artifact
A00075229	NKI	FLU2	-106	1	0.75	1	1	1	0.95	Artifact
A00075267	NKI	BAS1	-80			1	1	1	1	Pass
A00075269	NKI	BAS1	-47	1	1				1	Pass
A00075292	NKI	FLU1	-280		0.25	0.75		0.5	0.5	Artifact
A00075292	NKI	FLU2	-235	0.5			1		0.75	Artifact
A00075296	NKI	BAS1	-215	1			1		1	Pass
A00075296	NKI	FLU1	-122	1	1	1	1	1	1	Pass
A00075361	NKI	BAS1	-211		0.5	0.75		0.25	0.5	Artifact
A00075361	NKI	FLU1	-149			1	1	0.75	0.916666667	Artifact
A00075362	NKI	BAS1	-204			1	0.75	1	0.916666667	Artifact
A00075369	NKI	BAS1	-38	1			1		1	Pass
A00075372	NKI	BAS1	-209	0.5	0	0.75	0	1	0.45	Artifact
A00075372	NKI	TRT	-88		1	1		1	1	Pass
A00075377	NKI	BAS1	-201	0.5	0.5				0.5	Artifact
A00075407	NKI	BAS1	-49	1			1		1	Pass
A00075407	NKI	FLU1	-67	1			1		1	Pass
A00075407	NKI	FLU2	-56	1			1		1	Pass
A00075412	NKI	BAS1	-98	1	1				1	Pass
A00075432	NKI	BAS1	-39	1	1	1	1	1	1	Pass
A00075651	NKI	BAS1	-41		1	1		1	1	Pass
A00075653	NKI	BAS1	-41	1	1				1	Pass
A00075653	NKI	FLU1	-55	1	1	1	1	1	1	Pass
A00075653	NKI	FLU2	-66			1	1	1	1	Pass
A00075657	NKI	BAS1	-126	1	1	1	1	1	1	Pass
A00075660	NKI	BAS1	-46	1	1				1	Pass
A00075674	NKI	BAS1	-117			1	1	0.5	0.833333333	Artifact
A00075678	NKI	BAS1	-50	1	1	1	1	1	1	Pass
A00075678	NKI	FLU1	-48	1	1	1	1	1	1	Pass
A00075721	NKI	BAS1	-41	1			1		1	Pass
A00075729	NKI	BAS1	-96	1	1	1	1	1	1	Pass
A00075729	NKI	FLU1	-82	1			1		1	Pass
A00075729	NKI	TRT	-68	1	1	1	1	1	1	Pass
A00075732	NKI	BAS1	-31	1			1		1	Pass
A00075732	NKI	FLU1	-32	1	1				1	Pass
A00075732	NKI	FLU2	-35	1	1	1	1	1	1	Pass
A00075732	NKI	TRT	-41	1	1	1	1	1	1	Pass
A00075735	NKI	BAS1	-28	1	1	1	1	1	1	Pass
A00075735	NKI	FLU1	-15	1			1		1	Pass
A00075735	NKI	FLU2	-21			1	1	1	1	Pass
A00075737	NKI	BAS1	-57	1			1		1	Pass
A00075737	NKI	FLU1	-63	1	1				1	Pass
A00075737	NKI	TRT	-68	1	1				1	Pass
A00075738	NKI	BAS1	-47	1			1		1	Pass
A00075738	NKI	FLU1	-34		1	1		1	1	Pass
A00075738	NKI	TRT	-42		1	1		1	1	Pass
A00075740	NKI	BAS1	-189	0	0				0	Fail
A00075740	NKI	FLU1	-142	1			1		1	Pass
A00075741	NKI	BAS1	-24	1			1		1	Pass
A00075741	NKI	FLU1	-30			1	1	1	1	Pass
A00075744	NKI	BAS1	-77	1	1	1	1	1	1	Pass
A00075745	NKI	BAS1	-53	1	1	1	1	1	1	Pass
A00075746	NKI	BAS1	-78		1	1		1	1	Pass
A00075757	NKI	BAS1	-45	1	1	1	1	1	1	Pass
A00075757	NKI	FLU1	-79		1	1		1	1	Pass
A00075757	NKI	FLU2	-67	1	1				1	Pass
A00075806	NKI	BAS1	-48	1	1	1	1	1	1	Pass
A00075806	NKI	FLU1	-36	1			1		1	Pass
A00075895	NKI	BAS1	-66		1	1		1	1	Pass
A00075895	NKI	FLU1	-90		0.75	1		0.25	0.666666667	Artifact
A00075895	NKI	FLU2	-146	0.25	0.25				0.25	Artifact
A00075896	NKI	BAS1	-102	1	1	1	1	1	1	Pass
A00075898	NKI	BAS1	-25		1	1		1	1	Pass
A00075898	NKI	FLU1	-37	1	1	1	1	1	1	Pass
A00075898	NKI	FLU2	-38	1			1		1	Pass
A00075964	NKI	BAS1	-48		1	1		1	1	Pass
A00076380	NKI	BAS1	-27		1	1		1	1	Pass
A00076380	NKI	FLU2	-31		1	1		1	1	Pass
A00076381	NKI	BAS1	-60	1	1	1	1	1	1	Pass
A00076381	NKI	FLU1	-48	1			1		1	Pass
A00076381	NKI	FLU2	-59	1	1				1	Pass
A00076546	NKI	BAS1	-27	1	1				1	Pass
A00076546	NKI	FLU1	-29			1	1	1	1	Pass
A00076546	NKI	FLU2	-33		1	1		1	1	Pass
A00076559	NKI	BAS1	-28	1	1				1	Pass
A00076559	NKI	FLU1	-42			1	1	1	1	Pass
A00076559	NKI	FLU2	-44			1	1	1	1	Pass
A00076568	NKI	BAS1	-744	0	0	0			0	Fail
A00076568	NKI	TRT	-100	1			1		1	Pass
A00076574	NKI	BAS1	-73	1			1		1	Pass
A00076574	NKI	FLU1	-174			0.75	0.75	0	0.5	Artifact
A00076574	NKI	FLU2	-47		1	1		1	1	Pass
A00076574	NKI	TRT	-56			1	1	1	1	Pass
A00076586	NKI	BAS1	-44	1			1		1	Pass
A00076586	NKI	FLU1	-50	1			1		1	Pass
A00076594	NKI	BAS1	-42	1	1	1	1	1	1	Pass
A00076594	NKI	FLU1	-49			1	1	1	1	Pass
A00076594	NKI	FLU2	-79	1			1		1	Pass
A00076595	NKI	BAS1	-46		1	1		1	1	Pass
A00076595	NKI	FLU1	-43	1			1		1	Pass
A00076595	NKI	FLU2	-129	0	0				0	Fail
A00076595	NKI	TRT	-35	1			1		1	Pass
A00076600	NKI	BAS1	-102		1	1		1	1	Pass
A00076600	NKI	FLU1	-69	1	1	1			1	Pass
A00076744	NKI	BAS1	-39	1	1				1	Pass
A00076746	NKI	BAS1	-46	1	1	1	1	1	1	Pass
A00076746	NKI	FLU1	-67	1			1		1	Pass
A00076746	NKI	FLU2	-92	1	1	1	1	1	1	Pass
A00076751	NKI	BAS1	-182		0.75	1		0.75	0.833333333	Artifact
A00076751	NKI	FLU1	-220			0.25	0.25	0.25	0.25	Artifact
A00076751	NKI	FLU2	-225			0.75	0.75	0	0.5	Artifact
A00076755	NKI	BAS1	-74			1	1	1	1	Pass
A00076755	NKI	FLU1	-83	1	1				1	Pass
A00076755	NKI	FLU2	-90	1	1				1	Pass
A00076755	NKI	TRT	-64		1	1		1	1	Pass
A00076757	NKI	BAS1	-70			1	1	1	1	Pass
A00076759	NKI	BAS1	-241	0.75			0.5		0.625	Artifact
A00076759	NKI	FLU1	-72			1	1	1	1	Pass
A00076759	NKI	FLU2	-115	1			1		1	Pass
A00076759	NKI	TRT	-60	1	1	1	1	1	1	Pass
A00076764	NKI	BAS1	-214			0	0	0	0	Fail
A00076764	NKI	FLU1	-29			1	1	1	1	Pass
A00076775	NKI	BAS1	-48	1			1		1	Pass
A00076775	NKI	FLU1	-31			1	1	1	1	Pass
A00076775	NKI	FLU2	-29		1	1		1	1	Pass
A00076798	NKI	BAS1	-69			1	1	1	1	Pass
A00076863	NKI	BAS1	-33	1			1		1	Pass
A00076941	NKI	BAS1	-115	1	0.75	1	1	1	0.95	Artifact
A00076941	NKI	FLU1	-122	1			1		1	Pass
A00076941	NKI	TRT	-66	0.5	1				0.75	Artifact
A00077088	NKI	BAS1	-59	1	1	1			1	Pass
A00077088	NKI	FLU1	-58			1	1	1	1	Pass
A00077088	NKI	FLU2	-47	1			1		1	Pass
A00077091	NKI	BAS1	-32	1	1	1	1	1	1	Pass
A00077091	NKI	FLU1	-28	1			1		1	Pass
A00077091	NKI	FLU2	-22	1	1				1	Pass
A00077095	NKI	BAS1	-45			1	1	1	1	Pass
A00077099	NKI	BAS1	-87		1	1		1	1	Pass
A00077099	NKI	FLU1	-96	1	1				1	Pass
A00077099	NKI	FLU2	-112	1	1	1	1	1	1	Pass
A00077109	NKI	BAS1	-52	1	1	1	1	1	1	Pass
A00077111	NKI	BAS1	-60	1	1				1	Pass
A00077134	NKI	BAS1	-56	1	1	1	1	1	1	Pass
A00077134	NKI	FLU1	-48		1	1		1	1	Pass
A00077134	NKI	FLU2	-70		1	1		1	1	Pass
A00077144	NKI	BAS1	-27		1	1		1	1	Pass
A00077181	NKI	BAS1	-44	1	1	1			1	Pass
A00077181	NKI	FLU2	-57	1	0.75				0.875	Artifact
A00077182	NKI	BAS1	-33			1	1	1	1	Pass
A00077183	NKI	BAS1	-145	1	1	0.75	1	1	0.95	Artifact
A00077184	NKI	BAS1	-43	1	1				1	Pass
A00077184	NKI	FLU2	-45	1	1				1	Pass
A00077188	NKI	BAS1	-35	1	1				1	Pass
A00077188	NKI	FLU1	-318	0	0	0.25	0	0.25	0.1	Artifact
A00077188	NKI	FLU2	-197		0	0.75		0.25	0.333333333	Artifact
A00077192	NKI	BAS1	-73	0.75	1				0.875	Artifact
A00077199	NKI	BAS1	-45	1	1	1	1	1	1	Pass
A00077201	NKI	BAS1	-41			1	1	1	1	Pass
A00077201	NKI	FLU1	-28	1			1		1	Pass
A00077201	NKI	TRT	-26	1	1				1	Pass
A00077203	NKI	BAS1	-49			1	1	1	1	Pass
A00077203	NKI	FLU1	-51	1	1				1	Pass
A00077203	NKI	FLU2	-14	1	1	1	1	1	1	Pass
A00077203	NKI	TRT	-42	1	1	1	1	1	1	Pass
A00077204	NKI	BAS1	-79	1	1	1	1	1	1	Pass
A00077213	NKI	BAS1	-82	1	1	1			1	Pass
A00077213	NKI	FLU1	-25		1	1		0.75	0.916666667	Artifact
A00077252	NKI	BAS1	-37		1	1		1	1	Pass
A00077252	NKI	FLU1	-41			1	1	1	1	Pass
A00077252	NKI	FLU2	-39		1	1		1	1	Pass
A00077304	NKI	BAS1	-43	1	1	1	0.75	1	0.95	Artifact
A00077304	NKI	FLU1	-45	1	1				1	Pass
A00077304	NKI	FLU2	-90	1	1	1	0.5	1	0.9	Artifact
A00077311	NKI	BAS1	-193		0.25	0.25		0	0.166666667	Artifact
A00077311	NKI	FLU1	-77			1	1	1	1	Pass
A00077311	NKI	FLU2	-89	1	1	1	1	0.75	0.95	Artifact
A00077391	NKI	BAS1	-42	1			1		1	Pass
A00077391	NKI	FLU1	-30	1			1		1	Pass
A00077395	NKI	BAS1	-49			1	1	1	1	Pass
A00077397	NKI	BAS1	-365			0	0	0	0	Fail
A00077397	NKI	FLU1	-382	0.25			0.25		0.25	Artifact
A00077397	NKI	FLU2	-262			1	0.25	0.5	0.583333333	Artifact
A00077412	NKI	BAS1	-68			1	1	1	1	Pass
A00077412	NKI	FLU1	-76		1	1		1	1	Pass
A00077412	NKI	FLU2	-131		1	1		1	1	Pass
A00077412	NKI	TRT	-53	1	1	1			1	Pass
A00077413	NKI	BAS1	-30	1	1	1	1	1	1	Pass
A00077413	NKI	FLU1	-17	1	1	1	1	1	1	Pass
A00077413	NKI	FLU2	-48		1	1		1	1	Pass
A00077453	NKI	BAS1	-85	1	1				1	Pass
A00077453	NKI	FLU1	-53	1	1				1	Pass
A00077453	NKI	FLU2	-130			1	1	1	1	Pass
A00077453	NKI	TRT	-57	1	1	1	1	1	1	Pass
A00077528	NKI	BAS1	-47			1	1	1	1	Pass
A00077528	NKI	FLU1	-31	1	1				1	Pass
A00077528	NKI	FLU2	-44	1			1		1	Pass
A00077556	NKI	BAS1	-35		1	1		1	1	Pass
A00077556	NKI	FLU1	-49	1	1	1	0.75	0.75	0.9	Artifact
A00077556	NKI	FLU2	-78	1			1		1	Pass
A00077573	NKI	BAS1	-55			1	1	1	1	Pass
A00077573	NKI	FLU1	-44		1	1		1	1	Pass
A00077574	NKI	BAS1	-77	1			1		1	Pass
A00077574	NKI	FLU1	-107	1	1				1	Pass
A00077574	NKI	TRT	-129	0.75	0.25	1	0.25	0.25	0.5	Artifact
A00077577	NKI	BAS1	-331		0	0.25		0.25	0.166666667	Artifact
A00077577	NKI	TRT	-179			1	0.25	0.75	0.666666667	Artifact
A00077585	NKI	BAS1	-90	1	1	1	1	1	1	Pass
A00077585	NKI	FLU1	-78			1	1	1	1	Pass
A00077585	NKI	FLU2	-76			1	1	1	1	Pass
A00077622	NKI	BAS1	-63	1			1		1	Pass
A00077637	NKI	BAS1	-58	1	1				1	Pass
A00077638	NKI	TRT	-69		1	1		1	1	Pass
A00077668	NKI	BAS1	-76	1	1				1	Pass
A00077668	NKI	FLU1	-93		1	1		1	1	Pass
A00077668	NKI	FLU2	-73	1	1	1	1	1	1	Pass
A00077668	NKI	TRT	-77	1	1	1	1	1	1	Pass
A00077733	NKI	BAS1	-36	1	1	1	1	1	1	Pass
A00077734	NKI	BAS1	-73	1	1				1	Pass
A00077753	NKI	BAS1	-162			1	1	1	1	Pass
A00077753	NKI	FLU1	-73			1	1	1	1	Pass
A00077753	NKI	FLU2	-77	1	1				1	Pass
A00077755	NKI	BAS1	-230	0.25	0				0.125	Artifact
A00077755	NKI	TRT	-149		1	1		1	1	Pass
A00077758	NKI	BAS1	-70	1			1		1	Pass
A00078238	NKI	BAS1	-43	1			1		1	Pass
A00078239	NKI	FLU1	-87	1	1	1	1	1	1	Pass
A00078239	NKI	FLU2	-212	0.25	0				0.125	Artifact
A00078262	NKI	BAS1	-43	1	1	1	1	1	1	Pass
A00078262	NKI	FLU1	-25		1	1		1	1	Pass
A00078262	NKI	FLU2	-305	0.25			0.25		0.25	Artifact
A00078823	NKI	BAS1	-53	1	1				1	Pass
A00079292	NKI	BAS1	-42	1	1	1	1	1	1	Pass
A00079292	NKI	FLU1	-35			1	1	1	1	Pass
A00079301	NKI	BAS1	-64			1	1	1	1	Pass
A00079301	NKI	FLU1	-46		1	1		1	1	Pass
A00079302	NKI	BAS1	-51			1	1	1	1	Pass
A00079302	NKI	FLU1	-155		0.25	0.75		0.25	0.416666667	Artifact
A00079334	NKI	BAS1	-76	1	1				1	Pass
A00079337	NKI	BAS1	-143	1	1				1	Pass
A00079337	NKI	TRT	-133	1	1				1	Pass
A00079353	NKI	BAS1	-41	1			1		1	Pass
A00079422	NKI	BAS1	-53	1			1		1	Pass
A00079702	NKI	BAS1	-85	1			1		1	Pass
A00079710	NKI	BAS1	-59		1	1		1	1	Pass
A00079724	NKI	BAS1	-54	1			1		1	Pass
A00079724	NKI	FLU1	-71			1	1	1	1	Pass
A00079724	NKI	FLU2	-50	1	1	1	1	1	1	Pass
A00079730	NKI	BAS1	-93			1	1	1	1	Pass
A00079730	NKI	FLU1	-125	1			1		1	Pass
A00079730	NKI	FLU2	-119			1	1	1	1	Pass
A00079747	NKI	BAS1	-29	1			1		1	Pass
A00079775	NKI	BAS1	-35	1	1				1	Pass
A00079775	NKI	BAS2	-119		1	1		1	1	Pass
A00079775	NKI	FLU1	-48			1	1	1	1	Pass
A00079776	NKI	BAS1	-86	1	1				1	Pass
A00079776	NKI	FLU1	-65	1	1	1	1	1	1	Pass
A00079776	NKI	FLU2	-196	1	1				1	Pass
A00079776	NKI	TRT	-65	1	1				1	Pass
A00079777	NKI	BAS1	-85		1	1		1	1	Pass
A00079818	NKI	BAS1	-86	1			1		1	Pass
A00079818	NKI	TRT	-87			1	1	1	1	Pass
A00079850	NKI	BAS1	-34	1	1				1	Pass
A00079850	NKI	FLU1	-40	1	1				1	Pass
A00079850	NKI	FLU2	-42		1	1		1	1	Pass
A00079907	NKI	BAS1	-44		1	1		1	1	Pass
A00079931	NKI	BAS1	-810	0	0	0			0	Fail
A00079977	NKI	BAS1	-24			1	1	1	1	Pass
A00079977	NKI	FLU1	-20	1			1		1	Pass
A00079977	NKI	FLU2	-25	1	1				1	Pass
A00080052	NKI	BAS1	-50			1	1	1	1	Pass
A00080052	NKI	FLU1	-36	1	1				1	Pass
A00080052	NKI	FLU2	-51	1	1				1	Pass
A00080327	NKI	BAS1	-111	1			1		1	Pass
A00080327	NKI	FLU1	-329	0	0	0.25	0	0	0.05	Artifact
A00080428	NKI	BAS1	-57		1	1		1	1	Pass
A00080428	NKI	FLU1	-77	1	1				1	Pass
A00080447	NKI	BAS1	-52	1	1				1	Pass
A00080452	NKI	BAS1	-79	1	1				1	Pass
A00080453	NKI	BAS1	-53			1	1	1	1	Pass
A00080535	NKI	BAS1	-61			1	1	1	1	Pass
A00080811	NKI	BAS1	-53	1			1		1	Pass
A00080811	NKI	FLU1	-54	1			1		1	Pass
A00080818	NKI	BAS1	-94	1	1	1	1	1	1	Pass
A00080818	NKI	FLU1	-116	1	0.75				0.875	Artifact
A00080818	NKI	FLU2	-303			0.25	0.5	0	0.25	Artifact
A00080818	NKI	TRT	-320		0.25	0.25		0	0.166666667	Artifact
A00080819	NKI	BAS1	-58			1	1	1	1	Pass
A00080819	NKI	FLU1	-52			1	1	1	1	Pass
A00080819	NKI	FLU2	-40	1			1		1	Pass
A00080901	NKI	BAS1	-41		1	1		1	1	Pass
A00080901	NKI	FLU1	-47	1	1	1	1	1	1	Pass
A00080901	NKI	FLU2	-238	0.25	0	0	0	0	0.05	Artifact
A00080932	NKI	BAS1	-71		1	1		1	1	Pass
A00080932	NKI	FLU1	-78	1			1		1	Pass
A00080932	NKI	FLU2	-65		1	1		1	1	Pass
A00080942	NKI	BAS1	-77	0.75	0.5	0.5	0.75	0.5	0.6	Artifact
A00081064	NKI	FLU1	-136			0.75	0.75	0.5	0.666666667	Artifact
A00081064	NKI	FLU2	-94	1			1		1	Pass
A00081064	NKI	TRT	-116		1	1		1	1	Pass
A00081065	NKI	BAS1	-376		0	0.25		0	0.083333333	Artifact
A00081065	NKI	FLU1	-61	1	1	1	1	1	1	Pass
A00081065	NKI	FLU2	-100	1	0.5	1	0.75	1	0.85	Artifact
A00081065	NKI	TRT	-196	1	0.25	0.75			0.666666667	Artifact
A00081071	NKI	BAS1	-30	1			1		1	Pass
A00081071	NKI	FLU1	-65			1	1	1	1	Pass
A00081071	NKI	FLU2	-60			1	1	1	1	Pass
A00081090	NKI	BAS1	-115			1	0.75	0.5	0.75	Artifact
A00081090	NKI	FLU1	-321	0	0	0			0	Fail
A00081090	NKI	FLU2	-130	1			1		1	Pass
A00081090	NKI	TRT	-461		0	0		0	0	Fail
A00081098	NKI	BAS1	-152			1	1	1	1	Pass
A00081098	NKI	FLU1	-121	1			1		1	Pass
A00081098	NKI	FLU2	-111		1	1		1	1	Pass
A00081103	NKI	BAS1	-90	1	1				1	Pass
A00081103	NKI	FLU1	-62	1	1	1	1	1	1	Pass
A00081105	NKI	BAS1	-54		1	1		1	1	Pass
A00081105	NKI	FLU1	-57	1			1		1	Pass
A00081112	NKI	BAS1	-43	1	1				1	Pass
A00081114	NKI	BAS1	-122		1	1		1	1	Pass
A00081114	NKI	FLU1	-83	1	1	1	1	0.75	0.95	Artifact
A00081123	NKI	BAS1	-20	1	1				1	Pass
A00081123	NKI	FLU1	-25			1	1	0.75	0.916666667	Artifact
A00081126	NKI	BAS1	-101			1	1	1	1	Pass
A00081126	NKI	FLU1	-85		1	1		1	1	Pass
A00081126	NKI	TRT	-114	1	1				1	Pass
A00081132	NKI	BAS1	-113	1			1		1	Pass
A00081142	NKI	BAS1	-27	1			1		1	Pass
A00081142	NKI	FLU1	-43			1	1	1	1	Pass
A00081142	NKI	FLU2	-67			1	1	0.5	0.833333333	Artifact
A00081149	NKI	BAS1	-37	1			1		1	Pass
A00081149	NKI	FLU1	-26		1	1		1	1	Pass
A00081175	NKI	BAS1	-55	1	1	1	1	1	1	Pass
A00081175	NKI	FLU1	-56	1	1				1	Pass
A00081175	NKI	FLU2	-55	1	1	1			1	Pass
A00081185	NKI	BAS1	-73	1	1				1	Pass
A00081185	NKI	FLU1	-85	1	1	1	1	0.75	0.95	Artifact
A00081239	NKI	BAS1	-32		1	1		1	1	Pass
A00081243	NKI	BAS1	-69	1	1	1	1	1	1	Pass
A00081243	NKI	FLU1	-68		1	1		1	1	Pass
A00081253	NKI	BAS1	-68	1			1		1	Pass
A00081253	NKI	FLU1	-80	1	1				1	Pass
A00081385	NKI	FLU1	-641	0	0	0			0	Fail
A00081385	NKI	FLU2	-671			0	0.25	0	0.083333333	Artifact
A00081385	NKI	TRT	-88	1	1				1	Pass
A00081392	NKI	BAS1	-56	1	1				1	Pass
A00081394	NKI	BAS1	-102		1	1		1	1	Pass
A00081402	NKI	BAS1	-69			1	1	1	1	Pass
A00081402	NKI	FLU1	-77	1	1				1	Pass
A00081476	NKI	BAS1	-62	1			1		1	Pass
A00081476	NKI	FLU1	-41			1	1	1	1	Pass
A00081476	NKI	TRT	-54		1	1		1	1	Pass
A00081479	NKI	BAS1	-42	1	1				1	Pass
A00081479	NKI	FLU1	-44		1	1		1	1	Pass
A00081517	NKI	BAS1	-58	1	1				1	Pass
A00081517	NKI	FLU1	-65			1	1	1	1	Pass
A00081518	NKI	BAS1	-183	0.75			0.75		0.75	Artifact
A00081518	NKI	FLU1	-331			0	0	0	0	Fail
A00081518	NKI	TRT	-396	0	0	0			0	Fail
A00081519	NKI	BAS1	-626	0	0	0	0	0	0	Fail
A00081543	NKI	BAS1	-55		1	1		1	1	Pass
A00081544	NKI	BAS1	-38	1	1				1	Pass
A00081552	NKI	BAS1	-70			1	0.5	1	0.833333333	Artifact
A00081552	NKI	FLU1	-66	1	1	1	1	1	1	Pass
A00081616	NKI	BAS1	-57	1	1				1	Pass
A00081616	NKI	FLU1	-46	1			1		1	Pass
A00081719	NKI	BAS1	-78			1	1	1	1	Pass
A00081719	NKI	FLU1	-73			1	1	0.75	0.916666667	Artifact
A00081721	NKI	BAS1	-49	1	1				1	Pass
A00081721	NKI	FLU1	-62	1	1				1	Pass
A00081724	NKI	BAS1	-62	1	1	1	1	1	1	Pass
A00081724	NKI	FLU1	-32	1			1		1	Pass
A00081725	NKI	BAS1	-61	1	1	1	1	1	1	Pass
A00081725	NKI	FLU1	-71	0.75	0.5				0.625	Artifact
A00081727	NKI	BAS1	-35			1	1	1	1	Pass
A00081727	NKI	FLU1	-30	1	1				1	Pass
A00081727	NKI	FLU2	-38	1			1		1	Pass
A00081727	NKI	TRT	-31	1			1		1	Pass
A00081729	NKI	BAS1	-69			1	1	1	1	Pass
A00081729	NKI	FLU1	-46	1			1		1	Pass
A00081734	NKI	BAS1	-44	1			1		1	Pass
A00081734	NKI	FLU1	-41	1	1				1	Pass
A00081735	NKI	BAS1	-149	1			1		1	Pass
A00081735	NKI	FLU1	-142	1	1	1	0.75	0.75	0.9	Artifact
A00081777	NKI	BAS1	-123	1	1	1	0.75	0.75	0.9	Artifact
A00081780	NKI	BAS1	-41	1	1				1	Pass
A00081780	NKI	FLU1	-45	1	1	1			1	Pass
A00081785	NKI	BAS1	-63			1	1	1	1	Pass
A00081785	NKI	FLU1	-72			1	1	1	1	Pass
A00081794	NKI	BAS1	-30			1	1	1	1	Pass
A00081794	NKI	FLU1	-39			1	1	1	1	Pass
A00081805	NKI	BAS1	-118	1			1		1	Pass
A00081842	NKI	BAS1	-202	0.75	0.5	0.75	0.5	0.5	0.6	Artifact
A00081842	NKI	FLU1	-338	0	0	0	0	0	0	Fail
A00081846	NKI	BAS1	-45	1			1		1	Pass
A00081846	NKI	FLU1	-86	1	0.75				0.875	Artifact
A00081854	NKI	BAS1	-55	1	1				1	Pass
A00081854	NKI	FLU1	-40		1	1		1	1	Pass
A00081901	NKI	BAS1	-29	1	1	1	1	1	1	Pass
A00081938	NKI	BAS1	-105		1	1		1	1	Pass
A00081962	NKI	BAS1	-84	1			1		1	Pass
A00081963	NKI	BAS1	-72	1	1				1	Pass
A00081963	NKI	FLU1	-89	1			1		1	Pass
A00082215	NKI	BAS1	-46	1	1	1	1	1	1	Pass
A00082215	NKI	FLU1	-55	1			1		1	Pass
A00082216	NKI	BAS1	-47	1			1		1	Pass
A00082216	NKI	FLU1	-48	1	1	1	1	1	1	Pass
A00082217	NKI	BAS1	-421		0	0		0	0	Fail
A00082217	NKI	FLU1	-155	0.75	0.25				0.5	Artifact
A00082217	NKI	TRT	-124	1	1				1	Pass
A00082442	NKI	BAS1	-36		1	1		1	1	Pass
A00082524	NKI	BAS1	-55		1	1		1	1	Pass
A00082524	NKI	FLU1	-61		1	1		1	1	Pass
A00082528	NKI	BAS1	-87	1	0.25	1			0.75	Artifact
A00082528	NKI	FLU1	-44			1	1	1	1	Pass
A00082529	NKI	BAS1	-29	1	1				1	Pass
A00082529	NKI	FLU1	-34	1	1				1	Pass
A00082532	NKI	BAS1	-33	1	1				1	Pass
A00082554	NKI	BAS1	-50		1	1		1	1	Pass
A00082556	NKI	BAS1	-60	1	1				1	Pass
A00082556	NKI	FLU1	-45	1	1				1	Pass
A00082563	NKI	BAS1	-91	1	1				1	Pass
A00082580	NKI	BAS1	-52			1	1	1	1	Pass
A00082580	NKI	FLU1	-48			1	1	1	1	Pass
A00082590	NKI	BAS1	-33			1	1	1	1	Pass
A00082590	NKI	FLU1	-34	1	1				1	Pass
A00082619	NKI	BAS1	-41	1			1		1	Pass
A00082619	NKI	FLU1	-43		1	1		1	1	Pass
A00082635	NKI	BAS1	-47	1	1	1	1	1	1	Pass
A00082662	NKI	BAS1	-148			1	1	0.5	0.833333333	Artifact
A00082665	NKI	FLU1	-46			1	1	1	1	Pass
A00082666	NKI	BAS1	-87		0.75	1		0.5	0.75	Artifact
A00082666	NKI	FLU1	-36	0.75	1	1	1	0.75	0.9	Artifact
A00082672	NKI	BAS1	-246			0.25	0.25	0	0.166666667	Artifact
A00082672	NKI	FLU1	-153	0.25	0.25				0.25	Artifact
A00082734	NKI	BAS1	-59	1	1				1	Pass
A00082781	NKI	BAS1	-157		1	1		1	1	Pass
A00082781	NKI	FLU1	-113			1	1	1	1	Pass
A00082804	NKI	BAS1	-84		1	1		1	1	Pass
A00082804	NKI	FLU1	-99	1	1	1	1	1	1	Pass
A00082805	NKI	BAS1	-171			1	1	1	1	Pass
A00082805	NKI	FLU1	-142		0.75	1		1	0.916666667	Artifact
A00082805	NKI	TRT	-100			1	1	1	1	Pass
A00082807	NKI	BAS1	-62	1			1		1	Pass
A00082807	NKI	FLU1	-45			1	1	1	1	Pass
A00082808	NKI	BAS1	-264	0.25	0				0.125	Artifact
A00082808	NKI	FLU1	-234	0	0	0.5	0	0.25	0.15	Artifact
A00082942	NKI	BAS1	-48		1	1		1	1	Pass
A00082943	NKI	BAS1	-153	1			1		1	Pass
A00082943	NKI	FLU1	-126			1	1	1	1	Pass
A00082943	NKI	TRT	-132	1	1	1	1	1	1	Pass
A00082945	NKI	BAS1	-115	1	1	1	1	1	1	Pass
A00082945	NKI	FLU1	-98			1	1	1	1	Pass
A00082945	NKI	TRT	-262		0	0.75		0.5	0.416666667	Artifact
A00082969	NKI	BAS1	-49	1	1	1	1	1	1	Pass
A00082969	NKI	FLU1	-44			1	1	0.75	0.916666667	Artifact
A00082972	NKI	FLU1	-367	0.25			0.5		0.375	Artifact
A00082987	NKI	BAS1	-98	1			1		1	Pass
A00082987	NKI	FLU1	-68	1			1		1	Pass
A00082987	NKI	TRT	-234		0	0.75		0.25	0.333333333	Artifact
A00083109	NKI	BAS1	-68	1	1	1	1	1	1	Pass
A00083109	NKI	FLU1	-50	1	0.75	1	1	1	0.95	Artifact
A00083138	NKI	BAS1	-72		1	1		1	1	Pass
A00083138	NKI	FLU1	-56	1	1	1	1	1	1	Pass
A00083142	NKI	BAS1	-61	1	1				1	Pass
A00083142	NKI	FLU1	-47	1	1				1	Pass
A00083162	NKI	BAS1	-68			1	1	1	1	Pass
A00083162	NKI	FLU1	-68	1			1		1	Pass
A00083169	NKI	BAS1	-29		1	1		1	1	Pass
A00083169	NKI	FLU1	-69	1	1				1	Pass
A00083171	NKI	BAS1	-59		1	1		1	1	Pass
A00083207	NKI	BAS1	-68	1	1	1	1	1	1	Pass
A00083207	NKI	FLU1	-46	1			1		1	Pass
A00083208	NKI	BAS1	-61	1	1				1	Pass
A00083208	NKI	FLU1	-80		1	1		1	1	Pass
A00083389	NKI	BAS1	-93	1	1				1	Pass
A00083389	NKI	FLU1	-87	0.75	1	1	0.75	0.75	0.85	Artifact
A00083419	NKI	BAS1	-39	1			1		1	Pass
A00083419	NKI	FLU1	-38			1	1	1	1	Pass
A00083574	NKI	BAS1	-38	1	1	1	1	1	1	Pass
A00083631	NKI	BAS1	-30	1	1				1	Pass
A00083631	NKI	FLU1	-43	1	1	1	1	1	1	Pass
A00083687	NKI	BAS1	-35	1	1				1	Pass
A00083687	NKI	FLU1	-49	1	1	1	1	1	1	Pass
A00083730	NKI	BAS1	-505		0.25	0		0.5	0.25	Artifact
A00083731	NKI	BAS1	-347			0.5	0.5	0.25	0.416666667	Artifact
A00083731	NKI	FLU1	-85			1	1	1	1	Pass
A00083732	NKI	BAS1	-152		1	1		1	1	Pass
A00083732	NKI	FLU1	-117	1	1				1	Pass
A00083744	NKI	BAS1	-103		0.25	0.75		1	0.666666667	Artifact
A00083744	NKI	FLU1	-288		0	0.5		0.5	0.333333333	Artifact
A00083744	NKI	TRT	-325	0.5			0.5		0.5	Artifact
A00083745	NKI	BAS1	-109		1	1		1	1	Pass
A00083745	NKI	FLU1	-95	1	1	1	1	1	1	Pass
A00083745	NKI	TRT	-65	1	1				1	Pass
A00083847	NKI	BAS1	-40	1	1				1	Pass
A00083847	NKI	FLU1	-57	1			1		1	Pass
A00083923	NKI	BAS1	-62			1	1	1	1	Pass
A00083949	NKI	BAS1	-50	1	1	1	1	1	1	Pass
A00083949	NKI	FLU1	-58	1			1		1	Pass
A00083950	NKI	FLU1	-288	0	0	0	0	0	0	Fail
A00083951	NKI	BAS1	-98	1	0.75				0.875	Artifact
A00083951	NKI	FLU1	-132		1	1		1	1	Pass
A00083952	NKI	BAS1	-23	1	1				1	Pass
A00083963	NKI	BAS1	-57			1	1	1	1	Pass
A00083963	NKI	FLU1	-52		1	1		1	1	Pass
A00083967	NKI	BAS1	-42	1	1				1	Pass
A00083982	NKI	BAS1	-43		1	1		1	1	Pass
A00083982	NKI	FLU1	-34	1	1	1	1	1	1	Pass
A00083983	NKI	BAS1	-104	1	1	1	1	1	1	Pass
A00083983	NKI	FLU1	-96	1			1		1	Pass
A00084119	NKI	BAS1	-74	1			1		1	Pass
A00084901	NKI	BAS1	-38			1	1	1	1	Pass
A00084901	NKI	FLU1	-49	1	1				1	Pass
A00084921	NKI	BAS1	-45	1	1				1	Pass
A00084956	NKI	BAS1	-45	1	1	1	1	1	1	Pass
A00084956	NKI	FLU1	-60	1			1		1	Pass
A00085001	NKI	FLU1	-148	0.75	0.75	1	1	0.5	0.8	Artifact
A00085003	NKI	FLU1	-149	1	0.75				0.875	Artifact
A00085052	NKI	BAS1	-62		1	1		1	1	Pass
A00085057	NKI	BAS1	-30		1	1		1	1	Pass
A00085066	NKI	BAS1	-81	1	1	1	1	1	1	Pass
A00085066	NKI	FLU1	-116	0.75	0.75	1	0.75	0.5	0.75	Artifact
A00085095	NKI	BAS1	-122	1	1				1	Pass
A00085290	NKI	BAS1	-51	1	1				1	Pass
A00085290	NKI	FLU1	-46		1	1		1	1	Pass
A00085297	NKI	BAS1	-27			1	1	1	1	Pass
A00085297	NKI	FLU1	-19		1	1		1	1	Pass
A00085298	NKI	BAS1	-102	1			1		1	Pass
A00085298	NKI	FLU1	-65		1	1		1	1	Pass
A00085298	NKI	TRT	-80	1			1		1	Pass
A00085391	NKI	BAS1	-64	1	1	1	1	1	1	Pass
A00085406	NKI	BAS1	-42		1	1		1	1	Pass
A00085665	NKI	BAS1	-36	1	1				1	Pass
A00085665	NKI	FLU1	-43			1	1	1	1	Pass
A00085680	NKI	BAS1	-50	1			1		1	Pass
A00085743	NKI	BAS1	-63		1	1		1	1	Pass
A00085743	NKI	FLU1	-60			1	1	1	1	Pass
A00085795	NKI	BAS1	-424			0	0	0	0	Fail
A00085795	NKI	FLU1	-88			0.75	0.5	0.75	0.666666667	Artifact
A00085795	NKI	TRT	-50		1	1		1	1	Pass
A00085796	NKI	BAS1	-49			1	1	1	1	Pass
A00085796	NKI	FLU1	-93	1	0.75	1			0.916666667	Artifact
A00085797	NKI	BAS1	-177	0.5	0.5				0.5	Artifact
A00085797	NKI	FLU1	-193			1	1	0.25	0.75	Artifact
A00085828	NKI	BAS1	-46	1	1				1	Pass
A00085828	NKI	FLU1	-45	1	1				1	Pass
A00085864	NKI	BAS1	-41	1	1	1	1	1	1	Pass
A00085866	NKI	FLU1	-44	1	1	1	1	1	1	Pass
A00085906	NKI	BAS1	-56			1	1	1	1	Pass
A00085906	NKI	FLU1	-68		1	1		1	1	Pass
A00085907	NKI	BAS1	-77			1	1	1	1	Pass
A00085907	NKI	FLU1	-60		1	1		1	1	Pass
A00085927	NKI	BAS1	-22		1	1		1	1	Pass
A00085927	NKI	FLU1	-34			1	1	1	1	Pass
A00085942	NKI	BAS1	-127			1	0.75	0.75	0.833333333	Artifact
A00085942	NKI	FLU1	-80			1	1	1	1	Pass
A00085942	NKI	TRT	-91			1	1	1	1	Pass
A00085951	NKI	BAS1	-192	0.75			0.75		0.75	Artifact
A00085951	NKI	FLU1	-84			1	1	0.75	0.916666667	Artifact
A00086169	NKI	BAS1	-34	1	0.75	1	1	1	0.95	Artifact
A00086169	NKI	FLU1	-48	0.75	0.75				0.75	Artifact
A00086238	NKI	BAS1	-38		1	1		1	1	Pass
A00086259	NKI	BAS1	-60			1	1	1	1	Pass
A00086259	NKI	FLU1	-56	1	1				1	Pass
A00086467	NKI	BAS1	-92	1			1		1	Pass
A00086467	NKI	TRT	-77		1	1		1	1	Pass
A00086474	NKI	BAS1	-33	1	1	1	1	1	1	Pass
A00086474	NKI	FLU1	-47	1	1				1	Pass
A00086551	NKI	BAS1	-52	1	1	1	1	1	1	Pass
A00086551	NKI	FLU1	-63	1	1				1	Pass
A00086748	NKI	BAS1	-84	1	1	1	1	1	1	Pass